kind,repeat,count,index,metric,value
sample,0,1,0,sequential_create_ms,0.223854
sample,0,1,0,sequential_create_wall_ms,0.236264
sample,0,1,0,sequential_idle_rss_before_kib,9628.000000
sample,0,1,0,sequential_idle_rss_after_kib,9632.000000
sample,0,1,0,sequential_idle_rss_delta_per_session_kib,4.000000
sample,0,1,0,sequential_teardown_wall_ms,0.210924
sample,0,1,0,concurrent_create_ms,0.204093
sample,0,1,0,concurrent_create_wall_ms,0.236424
sample,0,1,0,concurrent_idle_rss_before_kib,9632.000000
sample,0,1,0,concurrent_idle_rss_after_kib,9632.000000
sample,0,1,0,concurrent_idle_session_rss_delta_per_session_kib,0.000000
sample,0,1,4,active_idle_connections,4.000000
sample,0,1,4,active_connection_rss_delta_kib,92.000000
sample,0,1,4,active_connection_rss_delta_per_connection_kib,23.000000
sample,0,1,0,concurrent_teardown_wall_ms,0.250964
sample,0,1,0,post_teardown_rss_delta_from_baseline_kib,368.000000
sample,0,1,0,post_connection_close_rss_delta_kib,0.000000
sample,1,1,0,sequential_create_ms,0.249304
sample,1,1,0,sequential_create_wall_ms,0.259954
sample,1,1,0,sequential_idle_rss_before_kib,10000.000000
sample,1,1,0,sequential_idle_rss_after_kib,10004.000000
sample,1,1,0,sequential_idle_rss_delta_per_session_kib,4.000000
sample,1,1,0,sequential_teardown_wall_ms,0.226763
sample,1,1,0,concurrent_create_ms,0.174832
sample,1,1,0,concurrent_create_wall_ms,0.222184
sample,1,1,0,concurrent_idle_rss_before_kib,10008.000000
sample,1,1,0,concurrent_idle_rss_after_kib,10012.000000
sample,1,1,0,concurrent_idle_session_rss_delta_per_session_kib,4.000000
sample,1,1,4,active_idle_connections,4.000000
sample,1,1,4,active_connection_rss_delta_kib,0.000000
sample,1,1,4,active_connection_rss_delta_per_connection_kib,0.000000
sample,1,1,0,concurrent_teardown_wall_ms,0.324995
sample,1,1,0,post_teardown_rss_delta_from_baseline_kib,8.000000
sample,1,1,0,post_connection_close_rss_delta_kib,0.000000
sample,2,1,0,sequential_create_ms,0.281685
sample,2,1,0,sequential_create_wall_ms,0.292075
sample,2,1,0,sequential_idle_rss_before_kib,10016.000000
sample,2,1,0,sequential_idle_rss_after_kib,10016.000000
sample,2,1,0,sequential_idle_rss_delta_per_session_kib,0.000000
sample,2,1,0,sequential_teardown_wall_ms,0.188543
sample,2,1,0,concurrent_create_ms,0.181723
sample,2,1,0,concurrent_create_wall_ms,0.227704
sample,2,1,0,concurrent_idle_rss_before_kib,10016.000000
sample,2,1,0,concurrent_idle_rss_after_kib,10016.000000
sample,2,1,0,concurrent_idle_session_rss_delta_per_session_kib,0.000000
sample,2,1,4,active_idle_connections,4.000000
sample,2,1,4,active_connection_rss_delta_kib,0.000000
sample,2,1,4,active_connection_rss_delta_per_connection_kib,0.000000
sample,2,1,0,concurrent_teardown_wall_ms,0.203634
sample,2,1,0,post_teardown_rss_delta_from_baseline_kib,8.000000
sample,2,1,0,post_connection_close_rss_delta_kib,0.000000
sample,3,1,0,sequential_create_ms,0.208334
sample,3,1,0,sequential_create_wall_ms,0.217294
sample,3,1,0,sequential_idle_rss_before_kib,10024.000000
sample,3,1,0,sequential_idle_rss_after_kib,10024.000000
sample,3,1,0,sequential_idle_rss_delta_per_session_kib,0.000000
sample,3,1,0,sequential_teardown_wall_ms,0.181163
sample,3,1,0,concurrent_create_ms,0.168313
sample,3,1,0,concurrent_create_wall_ms,0.209823
sample,3,1,0,concurrent_idle_rss_before_kib,10024.000000
sample,3,1,0,concurrent_idle_rss_after_kib,10024.000000
sample,3,1,0,concurrent_idle_session_rss_delta_per_session_kib,0.000000
sample,3,1,4,active_idle_connections,4.000000
sample,3,1,4,active_connection_rss_delta_kib,0.000000
sample,3,1,4,active_connection_rss_delta_per_connection_kib,0.000000
sample,3,1,0,concurrent_teardown_wall_ms,0.366736
sample,3,1,0,post_teardown_rss_delta_from_baseline_kib,0.000000
sample,3,1,0,post_connection_close_rss_delta_kib,0.000000
sample,4,1,0,sequential_create_ms,0.245234
sample,4,1,0,sequential_create_wall_ms,0.254144
sample,4,1,0,sequential_idle_rss_before_kib,10024.000000
sample,4,1,0,sequential_idle_rss_after_kib,10024.000000
sample,4,1,0,sequential_idle_rss_delta_per_session_kib,0.000000
sample,4,1,0,sequential_teardown_wall_ms,0.270484
sample,4,1,0,concurrent_create_ms,0.244765
sample,4,1,0,concurrent_create_wall_ms,0.313955
sample,4,1,0,concurrent_idle_rss_before_kib,10024.000000
sample,4,1,0,concurrent_idle_rss_after_kib,10024.000000
sample,4,1,0,concurrent_idle_session_rss_delta_per_session_kib,0.000000
sample,4,1,4,active_idle_connections,4.000000
sample,4,1,4,active_connection_rss_delta_kib,0.000000
sample,4,1,4,active_connection_rss_delta_per_connection_kib,0.000000
sample,4,1,0,concurrent_teardown_wall_ms,0.303345
sample,4,1,0,post_teardown_rss_delta_from_baseline_kib,4.000000
sample,4,1,0,post_connection_close_rss_delta_kib,0.000000
sample,0,2,0,sequential_create_ms,0.285105
sample,0,2,1,sequential_create_ms,0.207573
sample,0,2,0,sequential_create_wall_ms,0.511168
sample,0,2,0,sequential_idle_rss_before_kib,10028.000000
sample,0,2,0,sequential_idle_rss_after_kib,10028.000000
sample,0,2,0,sequential_idle_rss_delta_per_session_kib,0.000000
sample,0,2,0,sequential_teardown_wall_ms,0.279164
sample,0,2,1,concurrent_create_ms,0.424637
sample,0,2,0,concurrent_create_ms,0.570280
sample,0,2,0,concurrent_create_wall_ms,0.602620
sample,0,2,0,concurrent_idle_rss_before_kib,10028.000000
sample,0,2,0,concurrent_idle_rss_after_kib,10028.000000
sample,0,2,0,concurrent_idle_session_rss_delta_per_session_kib,0.000000
sample,0,2,8,active_idle_connections,8.000000
sample,0,2,8,active_connection_rss_delta_kib,92.000000
sample,0,2,8,active_connection_rss_delta_per_connection_kib,11.500000
sample,0,2,0,concurrent_teardown_wall_ms,0.268084
sample,0,2,0,post_teardown_rss_delta_from_baseline_kib,112.000000
sample,0,2,0,post_connection_close_rss_delta_kib,0.000000
sample,1,2,0,sequential_create_ms,0.232624
sample,1,2,1,sequential_create_ms,0.174683
sample,1,2,0,sequential_create_wall_ms,0.422497
sample,1,2,0,sequential_idle_rss_before_kib,10140.000000
sample,1,2,0,sequential_idle_rss_after_kib,10140.000000
sample,1,2,0,sequential_idle_rss_delta_per_session_kib,0.000000
sample,1,2,0,sequential_teardown_wall_ms,0.388726
sample,1,2,1,concurrent_create_ms,0.294835
sample,1,2,0,concurrent_create_ms,0.317256
sample,1,2,0,concurrent_create_wall_ms,0.369056
sample,1,2,0,concurrent_idle_rss_before_kib,10140.000000
sample,1,2,0,concurrent_idle_rss_after_kib,10140.000000
sample,1,2,0,concurrent_idle_session_rss_delta_per_session_kib,0.000000
sample,1,2,8,active_idle_connections,8.000000
sample,1,2,8,active_connection_rss_delta_kib,0.000000
sample,1,2,8,active_connection_rss_delta_per_connection_kib,0.000000
sample,1,2,0,concurrent_teardown_wall_ms,0.410597
sample,1,2,0,post_teardown_rss_delta_from_baseline_kib,12.000000
sample,1,2,0,post_connection_close_rss_delta_kib,0.000000
sample,2,2,0,sequential_create_ms,0.291745
sample,2,2,1,sequential_create_ms,0.217703
sample,2,2,0,sequential_create_wall_ms,0.527999
sample,2,2,0,sequential_idle_rss_before_kib,10152.000000
sample,2,2,0,sequential_idle_rss_after_kib,10152.000000
sample,2,2,0,sequential_idle_rss_delta_per_session_kib,0.000000
sample,2,2,0,sequential_teardown_wall_ms,0.300005
sample,2,2,0,concurrent_create_ms,0.296345
sample,2,2,1,concurrent_create_ms,0.292645
sample,2,2,0,concurrent_create_wall_ms,0.353956
sample,2,2,0,concurrent_idle_rss_before_kib,10152.000000
sample,2,2,0,concurrent_idle_rss_after_kib,10152.000000
sample,2,2,0,concurrent_idle_session_rss_delta_per_session_kib,0.000000
sample,2,2,8,active_idle_connections,8.000000
sample,2,2,8,active_connection_rss_delta_kib,0.000000
sample,2,2,8,active_connection_rss_delta_per_connection_kib,0.000000
sample,2,2,0,concurrent_teardown_wall_ms,0.271825
sample,2,2,0,post_teardown_rss_delta_from_baseline_kib,4.000000
sample,2,2,0,post_connection_close_rss_delta_kib,0.000000
sample,3,2,0,sequential_create_ms,0.230173
sample,3,2,1,sequential_create_ms,0.232823
sample,3,2,0,sequential_create_wall_ms,0.481118
sample,3,2,0,sequential_idle_rss_before_kib,10156.000000
sample,3,2,0,sequential_idle_rss_after_kib,10156.000000
sample,3,2,0,sequential_idle_rss_delta_per_session_kib,0.000000
sample,3,2,0,sequential_teardown_wall_ms,0.331865
sample,3,2,1,concurrent_create_ms,0.286494
sample,3,2,0,concurrent_create_ms,0.340966
sample,3,2,0,concurrent_create_wall_ms,0.380926
sample,3,2,0,concurrent_idle_rss_before_kib,10156.000000
sample,3,2,0,concurrent_idle_rss_after_kib,10156.000000
sample,3,2,0,concurrent_idle_session_rss_delta_per_session_kib,0.000000
sample,3,2,8,active_idle_connections,8.000000
sample,3,2,8,active_connection_rss_delta_kib,0.000000
sample,3,2,8,active_connection_rss_delta_per_connection_kib,0.000000
sample,3,2,0,concurrent_teardown_wall_ms,0.517628
sample,3,2,0,post_teardown_rss_delta_from_baseline_kib,4.000000
sample,3,2,0,post_connection_close_rss_delta_kib,0.000000
sample,4,2,0,sequential_create_ms,0.296605
sample,4,2,1,sequential_create_ms,0.229533
sample,4,2,0,sequential_create_wall_ms,0.545109
sample,4,2,0,sequential_idle_rss_before_kib,10160.000000
sample,4,2,0,sequential_idle_rss_after_kib,10160.000000
sample,4,2,0,sequential_idle_rss_delta_per_session_kib,0.000000
sample,4,2,0,sequential_teardown_wall_ms,0.280954
sample,4,2,0,concurrent_create_ms,0.218704
sample,4,2,1,concurrent_create_ms,0.339885
sample,4,2,0,concurrent_create_wall_ms,0.426107
sample,4,2,0,concurrent_idle_rss_before_kib,10160.000000
sample,4,2,0,concurrent_idle_rss_after_kib,10160.000000
sample,4,2,0,concurrent_idle_session_rss_delta_per_session_kib,0.000000
sample,4,2,8,active_idle_connections,8.000000
sample,4,2,8,active_connection_rss_delta_kib,0.000000
sample,4,2,8,active_connection_rss_delta_per_connection_kib,0.000000
sample,4,2,0,concurrent_teardown_wall_ms,0.361546
sample,4,2,0,post_teardown_rss_delta_from_baseline_kib,8.000000
sample,4,2,0,post_connection_close_rss_delta_kib,0.000000
sample,0,4,0,sequential_create_ms,0.253304
sample,0,4,1,sequential_create_ms,0.207173
sample,0,4,2,sequential_create_ms,0.210914
sample,0,4,3,sequential_create_ms,0.221023
sample,0,4,0,sequential_create_wall_ms,0.928156
sample,0,4,0,sequential_idle_rss_before_kib,10168.000000
sample,0,4,0,sequential_idle_rss_after_kib,10168.000000
sample,0,4,0,sequential_idle_rss_delta_per_session_kib,0.000000
sample,0,4,0,sequential_teardown_wall_ms,0.415857
sample,0,4,2,concurrent_create_ms,0.524968
sample,0,4,3,concurrent_create_ms,0.526708
sample,0,4,0,concurrent_create_ms,0.558809
sample,0,4,1,concurrent_create_ms,0.551029
sample,0,4,0,concurrent_create_wall_ms,0.602910
sample,0,4,0,concurrent_idle_rss_before_kib,10172.000000
sample,0,4,0,concurrent_idle_rss_after_kib,10172.000000
sample,0,4,0,concurrent_idle_session_rss_delta_per_session_kib,0.000000
sample,0,4,16,active_idle_connections,16.000000
sample,0,4,16,active_connection_rss_delta_kib,212.000000
sample,0,4,16,active_connection_rss_delta_per_connection_kib,13.250000
sample,0,4,0,concurrent_teardown_wall_ms,0.445818
sample,0,4,0,post_teardown_rss_delta_from_baseline_kib,228.000000
sample,0,4,0,post_connection_close_rss_delta_kib,0.000000
sample,1,4,0,sequential_create_ms,0.201184
sample,1,4,1,sequential_create_ms,0.183013
sample,1,4,2,sequential_create_ms,0.212194
sample,1,4,3,sequential_create_ms,0.206213
sample,1,4,0,sequential_create_wall_ms,0.836974
sample,1,4,0,sequential_idle_rss_before_kib,10400.000000
sample,1,4,0,sequential_idle_rss_after_kib,10400.000000
sample,1,4,0,sequential_idle_rss_delta_per_session_kib,0.000000
sample,1,4,0,sequential_teardown_wall_ms,0.507898
sample,1,4,3,concurrent_create_ms,0.490808
sample,1,4,0,concurrent_create_ms,0.529678
sample,1,4,1,concurrent_create_ms,0.520178
sample,1,4,2,concurrent_create_ms,0.515799
sample,1,4,0,concurrent_create_wall_ms,0.580880
sample,1,4,0,concurrent_idle_rss_before_kib,10400.000000
sample,1,4,0,concurrent_idle_rss_after_kib,10400.000000
sample,1,4,0,concurrent_idle_session_rss_delta_per_session_kib,0.000000
sample,1,4,16,active_idle_connections,16.000000
sample,1,4,16,active_connection_rss_delta_kib,4.000000
sample,1,4,16,active_connection_rss_delta_per_connection_kib,0.250000
sample,1,4,0,concurrent_teardown_wall_ms,0.587210
sample,1,4,0,post_teardown_rss_delta_from_baseline_kib,12.000000
sample,1,4,0,post_connection_close_rss_delta_kib,0.000000
sample,2,4,0,sequential_create_ms,0.283404
sample,2,4,1,sequential_create_ms,0.202113
sample,2,4,2,sequential_create_ms,0.216174
sample,2,4,3,sequential_create_ms,0.227044
sample,2,4,0,sequential_create_wall_ms,0.970596
sample,2,4,0,sequential_idle_rss_before_kib,10412.000000
sample,2,4,0,sequential_idle_rss_after_kib,10412.000000
sample,2,4,0,sequential_idle_rss_delta_per_session_kib,0.000000
sample,2,4,0,sequential_teardown_wall_ms,0.474268
sample,2,4,3,concurrent_create_ms,0.494488
sample,2,4,0,concurrent_create_ms,0.532898
sample,2,4,1,concurrent_create_ms,0.523578
sample,2,4,2,concurrent_create_ms,0.519198
sample,2,4,0,concurrent_create_wall_ms,0.596760
sample,2,4,0,concurrent_idle_rss_before_kib,10412.000000
sample,2,4,0,concurrent_idle_rss_after_kib,10412.000000
sample,2,4,0,concurrent_idle_session_rss_delta_per_session_kib,0.000000
sample,2,4,16,active_idle_connections,16.000000
sample,2,4,16,active_connection_rss_delta_kib,0.000000
sample,2,4,16,active_connection_rss_delta_per_connection_kib,0.000000
sample,2,4,0,concurrent_teardown_wall_ms,0.398397
sample,2,4,0,post_teardown_rss_delta_from_baseline_kib,4.000000
sample,2,4,0,post_connection_close_rss_delta_kib,0.000000
sample,3,4,0,sequential_create_ms,0.241644
sample,3,4,1,sequential_create_ms,0.224154
sample,3,4,2,sequential_create_ms,0.184983
sample,3,4,3,sequential_create_ms,0.198564
sample,3,4,0,sequential_create_wall_ms,0.885695
sample,3,4,0,sequential_idle_rss_before_kib,10416.000000
sample,3,4,0,sequential_idle_rss_after_kib,10416.000000
sample,3,4,0,sequential_idle_rss_delta_per_session_kib,0.000000
sample,3,4,0,sequential_teardown_wall_ms,0.381506
sample,3,4,2,concurrent_create_ms,0.520039
sample,3,4,3,concurrent_create_ms,0.518518
sample,3,4,0,concurrent_create_ms,0.553209
sample,3,4,1,concurrent_create_ms,0.544909
sample,3,4,0,concurrent_create_wall_ms,0.612820
sample,3,4,0,concurrent_idle_rss_before_kib,10416.000000
sample,3,4,0,concurrent_idle_rss_after_kib,10416.000000
sample,3,4,0,concurrent_idle_session_rss_delta_per_session_kib,0.000000
sample,3,4,16,active_idle_connections,16.000000
sample,3,4,16,active_connection_rss_delta_kib,0.000000
sample,3,4,16,active_connection_rss_delta_per_connection_kib,0.000000
sample,3,4,0,concurrent_teardown_wall_ms,0.657941
sample,3,4,0,post_teardown_rss_delta_from_baseline_kib,4.000000
sample,3,4,0,post_connection_close_rss_delta_kib,0.000000
sample,4,4,0,sequential_create_ms,0.317195
sample,4,4,1,sequential_create_ms,0.228143
sample,4,4,2,sequential_create_ms,0.230524
sample,4,4,3,sequential_create_ms,0.232084
sample,4,4,0,sequential_create_wall_ms,1.045117
sample,4,4,0,sequential_idle_rss_before_kib,10420.000000
sample,4,4,0,sequential_idle_rss_after_kib,10420.000000
sample,4,4,0,sequential_idle_rss_delta_per_session_kib,0.000000
sample,4,4,0,sequential_teardown_wall_ms,0.499368
sample,4,4,3,concurrent_create_ms,0.499388
sample,4,4,0,concurrent_create_ms,0.539678
sample,4,4,1,concurrent_create_ms,0.529368
sample,4,4,2,concurrent_create_ms,0.524868
sample,4,4,0,concurrent_create_wall_ms,0.597210
sample,4,4,0,concurrent_idle_rss_before_kib,10420.000000
sample,4,4,0,concurrent_idle_rss_after_kib,10420.000000
sample,4,4,0,concurrent_idle_session_rss_delta_per_session_kib,0.000000
sample,4,4,16,active_idle_connections,16.000000
sample,4,4,16,active_connection_rss_delta_kib,0.000000
sample,4,4,16,active_connection_rss_delta_per_connection_kib,0.000000
sample,4,4,0,concurrent_teardown_wall_ms,0.566539
sample,4,4,0,post_teardown_rss_delta_from_baseline_kib,4.000000
sample,4,4,0,post_connection_close_rss_delta_kib,0.000000
sample,0,8,0,sequential_create_ms,0.278865
sample,0,8,1,sequential_create_ms,0.220723
sample,0,8,2,sequential_create_ms,0.215283
sample,0,8,3,sequential_create_ms,0.210904
sample,0,8,4,sequential_create_ms,0.227184
sample,0,8,5,sequential_create_ms,0.218313
sample,0,8,6,sequential_create_ms,0.226213
sample,0,8,7,sequential_create_ms,0.203824
sample,0,8,0,sequential_create_wall_ms,1.874171
sample,0,8,0,sequential_idle_rss_before_kib,10424.000000
sample,0,8,0,sequential_idle_rss_after_kib,10424.000000
sample,0,8,0,sequential_idle_rss_delta_per_session_kib,0.000000
sample,0,8,0,sequential_teardown_wall_ms,0.634470
sample,0,8,6,concurrent_create_ms,0.977236
sample,0,8,7,concurrent_create_ms,0.977196
sample,0,8,0,concurrent_create_ms,1.042688
sample,0,8,1,concurrent_create_ms,1.036128
sample,0,8,2,concurrent_create_ms,1.032347
sample,0,8,3,concurrent_create_ms,1.028377
sample,0,8,4,concurrent_create_ms,1.023887
sample,0,8,5,concurrent_create_ms,1.019657
sample,0,8,0,concurrent_create_wall_ms,1.126949
sample,0,8,0,concurrent_idle_rss_before_kib,10428.000000
sample,0,8,0,concurrent_idle_rss_after_kib,10428.000000
sample,0,8,0,concurrent_idle_session_rss_delta_per_session_kib,0.000000
sample,0,8,32,active_idle_connections,32.000000
sample,0,8,32,active_connection_rss_delta_kib,464.000000
sample,0,8,32,active_connection_rss_delta_per_connection_kib,14.500000
sample,0,8,0,concurrent_teardown_wall_ms,0.848664
sample,0,8,0,post_teardown_rss_delta_from_baseline_kib,476.000000
sample,0,8,0,post_connection_close_rss_delta_kib,0.000000
sample,1,8,0,sequential_create_ms,0.255854
sample,1,8,1,sequential_create_ms,0.200493
sample,1,8,2,sequential_create_ms,0.205713
sample,1,8,3,sequential_create_ms,0.210564
sample,1,8,4,sequential_create_ms,0.215473
sample,1,8,5,sequential_create_ms,0.224603
sample,1,8,6,sequential_create_ms,0.217164
sample,1,8,7,sequential_create_ms,0.200443
sample,1,8,0,sequential_create_wall_ms,1.802079
sample,1,8,0,sequential_idle_rss_before_kib,10904.000000
sample,1,8,0,sequential_idle_rss_after_kib,10904.000000
sample,1,8,0,sequential_idle_rss_delta_per_session_kib,0.000000
sample,1,8,0,sequential_teardown_wall_ms,0.730872
sample,1,8,7,concurrent_create_ms,0.430567
sample,1,8,6,concurrent_create_ms,1.176529
sample,1,8,0,concurrent_create_ms,1.244200
sample,1,8,1,concurrent_create_ms,1.235700
sample,1,8,2,concurrent_create_ms,1.230690
sample,1,8,3,concurrent_create_ms,1.226190
sample,1,8,4,concurrent_create_ms,1.220670
sample,1,8,5,concurrent_create_ms,1.215320
sample,1,8,0,concurrent_create_wall_ms,1.325411
sample,1,8,0,concurrent_idle_rss_before_kib,10904.000000
sample,1,8,0,concurrent_idle_rss_after_kib,10904.000000
sample,1,8,0,concurrent_idle_session_rss_delta_per_session_kib,0.000000
sample,1,8,32,active_idle_connections,32.000000
sample,1,8,32,active_connection_rss_delta_kib,4.000000
sample,1,8,32,active_connection_rss_delta_per_connection_kib,0.125000
sample,1,8,0,concurrent_teardown_wall_ms,0.904485
sample,1,8,0,post_teardown_rss_delta_from_baseline_kib,12.000000
sample,1,8,0,post_connection_close_rss_delta_kib,0.000000
sample,2,8,0,sequential_create_ms,0.255434
sample,2,8,1,sequential_create_ms,0.210444
sample,2,8,2,sequential_create_ms,0.213703
sample,2,8,3,sequential_create_ms,0.215124
sample,2,8,4,sequential_create_ms,0.216584
sample,2,8,5,sequential_create_ms,0.224694
sample,2,8,6,sequential_create_ms,0.219913
sample,2,8,7,sequential_create_ms,0.216524
sample,2,8,0,sequential_create_wall_ms,1.844330
sample,2,8,0,sequential_idle_rss_before_kib,10916.000000
sample,2,8,0,sequential_idle_rss_after_kib,10916.000000
sample,2,8,0,sequential_idle_rss_delta_per_session_kib,0.000000
sample,2,8,0,sequential_teardown_wall_ms,2.689514
sample,2,8,7,concurrent_create_ms,0.910585
sample,2,8,0,concurrent_create_ms,0.982536
sample,2,8,1,concurrent_create_ms,0.973406
sample,2,8,2,concurrent_create_ms,0.969185
sample,2,8,3,concurrent_create_ms,0.965026
sample,2,8,4,concurrent_create_ms,0.960286
sample,2,8,5,concurrent_create_ms,0.956006
sample,2,8,6,concurrent_create_ms,0.953136
sample,2,8,0,concurrent_create_wall_ms,1.087098
sample,2,8,0,concurrent_idle_rss_before_kib,10916.000000
sample,2,8,0,concurrent_idle_rss_after_kib,10916.000000
sample,2,8,0,concurrent_idle_session_rss_delta_per_session_kib,0.000000
sample,2,8,32,active_idle_connections,32.000000
sample,2,8,32,active_connection_rss_delta_kib,0.000000
sample,2,8,32,active_connection_rss_delta_per_connection_kib,0.000000
sample,2,8,0,concurrent_teardown_wall_ms,0.864405
sample,2,8,0,post_teardown_rss_delta_from_baseline_kib,12.000000
sample,2,8,0,post_connection_close_rss_delta_kib,0.000000
sample,3,8,0,sequential_create_ms,0.250574
sample,3,8,1,sequential_create_ms,0.211564
sample,3,8,2,sequential_create_ms,0.226133
sample,3,8,3,sequential_create_ms,0.198383
sample,3,8,4,sequential_create_ms,0.204143
sample,3,8,5,sequential_create_ms,0.221423
sample,3,8,6,sequential_create_ms,0.219954
sample,3,8,7,sequential_create_ms,0.240384
sample,3,8,0,sequential_create_wall_ms,1.849500
sample,3,8,0,sequential_idle_rss_before_kib,10928.000000
sample,3,8,0,sequential_idle_rss_after_kib,10928.000000
sample,3,8,0,sequential_idle_rss_delta_per_session_kib,0.000000
sample,3,8,0,sequential_teardown_wall_ms,0.747352
sample,3,8,7,concurrent_create_ms,0.910765
sample,3,8,0,concurrent_create_ms,0.980976
sample,3,8,1,concurrent_create_ms,0.971295
sample,3,8,2,concurrent_create_ms,0.966905
sample,3,8,3,concurrent_create_ms,0.962865
sample,3,8,4,concurrent_create_ms,0.958676
sample,3,8,5,concurrent_create_ms,0.954816
sample,3,8,6,concurrent_create_ms,0.950866
sample,3,8,0,concurrent_create_wall_ms,1.079527
sample,3,8,0,concurrent_idle_rss_before_kib,10928.000000
sample,3,8,0,concurrent_idle_rss_after_kib,10928.000000
sample,3,8,0,concurrent_idle_session_rss_delta_per_session_kib,0.000000
sample,3,8,32,active_idle_connections,32.000000
sample,3,8,32,active_connection_rss_delta_kib,4.000000
sample,3,8,32,active_connection_rss_delta_per_connection_kib,0.125000
sample,3,8,0,concurrent_teardown_wall_ms,0.796223
sample,3,8,0,post_teardown_rss_delta_from_baseline_kib,12.000000
sample,3,8,0,post_connection_close_rss_delta_kib,0.000000
sample,4,8,0,sequential_create_ms,0.333226
sample,4,8,1,sequential_create_ms,0.217104
sample,4,8,2,sequential_create_ms,0.214723
sample,4,8,3,sequential_create_ms,0.225374
sample,4,8,4,sequential_create_ms,0.224464
sample,4,8,5,sequential_create_ms,0.216754
sample,4,8,6,sequential_create_ms,0.198223
sample,4,8,7,sequential_create_ms,0.210634
sample,4,8,0,sequential_create_wall_ms,1.915942
sample,4,8,0,sequential_idle_rss_before_kib,10940.000000
sample,4,8,0,sequential_idle_rss_after_kib,10940.000000
sample,4,8,0,sequential_idle_rss_delta_per_session_kib,0.000000
sample,4,8,0,sequential_teardown_wall_ms,0.493538
sample,4,8,6,concurrent_create_ms,1.004626
sample,4,8,7,concurrent_create_ms,1.005686
sample,4,8,0,concurrent_create_ms,1.059218
sample,4,8,1,concurrent_create_ms,1.052928
sample,4,8,2,concurrent_create_ms,1.050388
sample,4,8,3,concurrent_create_ms,1.048038
sample,4,8,4,concurrent_create_ms,1.045427
sample,4,8,5,concurrent_create_ms,1.042977
sample,4,8,0,concurrent_create_wall_ms,1.138879
sample,4,8,0,concurrent_idle_rss_before_kib,10940.000000
sample,4,8,0,concurrent_idle_rss_after_kib,10940.000000
sample,4,8,0,concurrent_idle_session_rss_delta_per_session_kib,0.000000
sample,4,8,32,active_idle_connections,32.000000
sample,4,8,32,active_connection_rss_delta_kib,0.000000
sample,4,8,32,active_connection_rss_delta_per_connection_kib,0.000000
sample,4,8,0,concurrent_teardown_wall_ms,1.000216
sample,4,8,0,post_teardown_rss_delta_from_baseline_kib,4.000000
sample,4,8,0,post_connection_close_rss_delta_kib,0.000000
