kind,trial,index,metric,value
meta,0,0,backend,rama
meta,0,0,profile,release
meta,0,0,rustc,rustc 1.98.1 (48a229cea 2026-09-01)
meta,0,0,baffle_ca_sha256,88:0E:ED:ED:4A:CC:4E:9E:3A:5B:C6:31:3B:AC:F2:84:64:DF:41:D5:5E:01:71:F9:7E:21:78:8E:AB:BE:35:D6
meta,0,0,origin_root_sha256,37:F2:22:D7:81:9C:58:33:75:B8:E6:86:50:B9:CF:09:BE:13:50:D3:38:25:31:98:81:D8:36:64:AE:9B:02:5B
meta,0,0,origin_leaf_sha256,0E:C9:4E:6E:FB:77:C3:D1:79:16:DD:F1:C8:01:A9:7C:47:E0:7D:4C:6E:CD:C9:4F:A3:23:D6:2D:9C:17:7C:20
sample,0,0,session_start_ms,0.056
sample,0,0,session_stop_ms,0.056
sample,1,0,session_start_ms,0.053
sample,1,0,session_stop_ms,0.027
sample,2,0,session_start_ms,0.044
sample,2,0,session_stop_ms,0.026
sample,3,0,session_start_ms,0.042
sample,3,0,session_stop_ms,0.026
sample,4,0,session_start_ms,0.041
sample,4,0,session_stop_ms,0.025
summary,0,5,session_start_ms_median,0.043671
summary,0,5,session_start_ms_p95,0.056061
summary,0,5,session_stop_ms_median,0.025870
summary,0,5,session_stop_ms_p95,0.055941
sample,0,1,sequential_runtime_create_ms,0.049
sample,0,1,idle_process_rss_delta_kib,0
sample,0,1,idle_rss_delta_per_session_kib,0.000
sample,0,1,concurrent_runtime_create_wall_ms,0.061
sample,0,1,concurrent_idle_process_rss_delta_kib,0
sample,1,1,sequential_runtime_create_ms,0.077
sample,1,1,idle_process_rss_delta_kib,0
sample,1,1,idle_rss_delta_per_session_kib,0.000
sample,1,1,concurrent_runtime_create_wall_ms,0.073
sample,1,1,concurrent_idle_process_rss_delta_kib,0
sample,2,1,sequential_runtime_create_ms,0.057
sample,2,1,idle_process_rss_delta_kib,0
sample,2,1,idle_rss_delta_per_session_kib,0.000
sample,2,1,concurrent_runtime_create_wall_ms,0.061
sample,2,1,concurrent_idle_process_rss_delta_kib,0
sample,3,1,sequential_runtime_create_ms,0.069
sample,3,1,idle_process_rss_delta_kib,0
sample,3,1,idle_rss_delta_per_session_kib,0.000
sample,3,1,concurrent_runtime_create_wall_ms,0.054
sample,3,1,concurrent_idle_process_rss_delta_kib,0
sample,4,1,sequential_runtime_create_ms,0.045
sample,4,1,idle_process_rss_delta_kib,0
sample,4,1,idle_rss_delta_per_session_kib,0.000
sample,4,1,concurrent_runtime_create_wall_ms,0.051
sample,4,1,concurrent_idle_process_rss_delta_kib,0
sample,0,2,sequential_runtime_create_ms,0.125
sample,0,2,idle_process_rss_delta_kib,4
sample,0,2,idle_rss_delta_per_session_kib,2.000
sample,0,2,concurrent_runtime_create_wall_ms,0.110
sample,0,2,concurrent_idle_process_rss_delta_kib,0
sample,1,2,sequential_runtime_create_ms,0.102
sample,1,2,idle_process_rss_delta_kib,0
sample,1,2,idle_rss_delta_per_session_kib,0.000
sample,1,2,concurrent_runtime_create_wall_ms,0.111
sample,1,2,concurrent_idle_process_rss_delta_kib,0
sample,2,2,sequential_runtime_create_ms,0.103
sample,2,2,idle_process_rss_delta_kib,0
sample,2,2,idle_rss_delta_per_session_kib,0.000
sample,2,2,concurrent_runtime_create_wall_ms,0.111
sample,2,2,concurrent_idle_process_rss_delta_kib,0
sample,3,2,sequential_runtime_create_ms,0.083
sample,3,2,idle_process_rss_delta_kib,0
sample,3,2,idle_rss_delta_per_session_kib,0.000
sample,3,2,concurrent_runtime_create_wall_ms,0.086
sample,3,2,concurrent_idle_process_rss_delta_kib,0
sample,4,2,sequential_runtime_create_ms,0.083
sample,4,2,idle_process_rss_delta_kib,0
sample,4,2,idle_rss_delta_per_session_kib,0.000
sample,4,2,concurrent_runtime_create_wall_ms,0.088
sample,4,2,concurrent_idle_process_rss_delta_kib,0
sample,0,4,sequential_runtime_create_ms,0.186
sample,0,4,idle_process_rss_delta_kib,12
sample,0,4,idle_rss_delta_per_session_kib,3.000
sample,0,4,concurrent_runtime_create_wall_ms,0.179
sample,0,4,concurrent_idle_process_rss_delta_kib,4
sample,1,4,sequential_runtime_create_ms,0.173
sample,1,4,idle_process_rss_delta_kib,0
sample,1,4,idle_rss_delta_per_session_kib,0.000
sample,1,4,concurrent_runtime_create_wall_ms,0.191
sample,1,4,concurrent_idle_process_rss_delta_kib,0
sample,2,4,sequential_runtime_create_ms,0.178
sample,2,4,idle_process_rss_delta_kib,0
sample,2,4,idle_rss_delta_per_session_kib,0.000
sample,2,4,concurrent_runtime_create_wall_ms,0.181
sample,2,4,concurrent_idle_process_rss_delta_kib,0
sample,3,4,sequential_runtime_create_ms,0.203
sample,3,4,idle_process_rss_delta_kib,0
sample,3,4,idle_rss_delta_per_session_kib,0.000
sample,3,4,concurrent_runtime_create_wall_ms,0.203
sample,3,4,concurrent_idle_process_rss_delta_kib,0
sample,4,4,sequential_runtime_create_ms,0.178
sample,4,4,idle_process_rss_delta_kib,0
sample,4,4,idle_rss_delta_per_session_kib,0.000
sample,4,4,concurrent_runtime_create_wall_ms,0.232
sample,4,4,concurrent_idle_process_rss_delta_kib,0
sample,0,8,sequential_runtime_create_ms,0.357
sample,0,8,idle_process_rss_delta_kib,20
sample,0,8,idle_rss_delta_per_session_kib,2.500
sample,0,8,concurrent_runtime_create_wall_ms,0.414
sample,0,8,concurrent_idle_process_rss_delta_kib,4
sample,1,8,sequential_runtime_create_ms,0.412
sample,1,8,idle_process_rss_delta_kib,0
sample,1,8,idle_rss_delta_per_session_kib,0.000
sample,1,8,concurrent_runtime_create_wall_ms,0.407
sample,1,8,concurrent_idle_process_rss_delta_kib,0
sample,2,8,sequential_runtime_create_ms,0.373
sample,2,8,idle_process_rss_delta_kib,0
sample,2,8,idle_rss_delta_per_session_kib,0.000
sample,2,8,concurrent_runtime_create_wall_ms,0.382
sample,2,8,concurrent_idle_process_rss_delta_kib,0
sample,3,8,sequential_runtime_create_ms,0.382
sample,3,8,idle_process_rss_delta_kib,0
sample,3,8,idle_rss_delta_per_session_kib,0.000
sample,3,8,concurrent_runtime_create_wall_ms,0.389
sample,3,8,concurrent_idle_process_rss_delta_kib,0
sample,4,8,sequential_runtime_create_ms,0.373
sample,4,8,idle_process_rss_delta_kib,0
sample,4,8,idle_rss_delta_per_session_kib,0.000
sample,4,8,concurrent_runtime_create_wall_ms,0.380
sample,4,8,concurrent_idle_process_rss_delta_kib,0
sample,0,1,http1_active_connection_rss_delta_kib,2248
latency,0,0,http1_keepalive_ms,41.008791
latency,0,1,http1_keepalive_ms,41.003661
latency,0,2,http1_keepalive_ms,41.877195
latency,0,3,http1_keepalive_ms,41.074172
latency,0,4,http1_keepalive_ms,41.982927
latency,0,5,http1_keepalive_ms,41.991837
latency,0,6,http1_keepalive_ms,41.988287
latency,0,7,http1_keepalive_ms,42.978683
latency,0,8,http1_keepalive_ms,42.002557
latency,0,9,http1_keepalive_ms,41.986158
latency,0,10,http1_keepalive_ms,42.002977
latency,0,11,http1_keepalive_ms,41.973108
latency,0,12,http1_keepalive_ms,40.992671
latency,0,13,http1_keepalive_ms,42.974413
latency,0,14,http1_keepalive_ms,42.001978
latency,0,15,http1_keepalive_ms,41.987097
latency,0,16,http1_keepalive_ms,41.990337
latency,0,17,http1_keepalive_ms,41.004611
latency,0,18,http1_keepalive_ms,41.011531
latency,0,19,http1_keepalive_ms,40.958541
latency,0,20,http1_keepalive_ms,41.000621
latency,0,21,http1_keepalive_ms,41.977357
latency,0,22,http1_keepalive_ms,41.988187
latency,0,23,http1_keepalive_ms,41.984517
latency,0,24,http1_keepalive_ms,41.978877
latency,0,25,http1_keepalive_ms,41.989927
latency,0,26,http1_keepalive_ms,41.987308
latency,0,27,http1_keepalive_ms,41.987907
latency,0,28,http1_keepalive_ms,40.994541
latency,0,29,http1_keepalive_ms,40.993961
latency,0,30,http1_keepalive_ms,40.982460
latency,0,31,http1_keepalive_ms,40.990361
latency,0,32,http1_keepalive_ms,40.987081
latency,0,33,http1_keepalive_ms,40.982541
latency,0,34,http1_keepalive_ms,40.989241
latency,0,35,http1_keepalive_ms,40.995101
latency,0,36,http1_keepalive_ms,40.990831
latency,0,37,http1_keepalive_ms,40.984790
latency,0,38,http1_keepalive_ms,40.983090
latency,0,39,http1_keepalive_ms,40.991241
latency,0,40,http1_keepalive_ms,40.987351
latency,0,41,http1_keepalive_ms,41.000471
latency,0,42,http1_keepalive_ms,41.983457
latency,0,43,http1_keepalive_ms,41.960056
latency,0,44,http1_keepalive_ms,41.984417
latency,0,45,http1_keepalive_ms,41.994997
latency,0,46,http1_keepalive_ms,41.989647
latency,0,47,http1_keepalive_ms,41.984107
latency,0,48,http1_keepalive_ms,43.982270
latency,0,49,http1_keepalive_ms,41.012562
latency,0,50,http1_keepalive_ms,40.993491
latency,0,51,http1_keepalive_ms,40.990061
latency,0,52,http1_keepalive_ms,41.986997
latency,0,53,http1_keepalive_ms,41.971296
latency,0,54,http1_keepalive_ms,41.985787
latency,0,55,http1_keepalive_ms,42.027968
latency,0,56,http1_keepalive_ms,41.950297
latency,0,57,http1_keepalive_ms,41.989477
latency,0,58,http1_keepalive_ms,41.972527
latency,0,59,http1_keepalive_ms,41.987828
latency,0,60,http1_keepalive_ms,41.000201
latency,0,61,http1_keepalive_ms,41.986427
latency,0,62,http1_keepalive_ms,41.976837
latency,0,63,http1_keepalive_ms,41.987157
latency,0,64,http1_keepalive_ms,41.988808
latency,0,65,http1_keepalive_ms,41.997527
latency,0,66,http1_keepalive_ms,41.135164
latency,0,67,http1_keepalive_ms,41.835635
latency,0,68,http1_keepalive_ms,41.982857
latency,0,69,http1_keepalive_ms,41.991648
latency,0,70,http1_keepalive_ms,40.988861
latency,0,71,http1_keepalive_ms,41.989237
latency,0,72,http1_keepalive_ms,41.987837
latency,0,73,http1_keepalive_ms,42.001008
latency,0,74,http1_keepalive_ms,41.994998
latency,0,75,http1_keepalive_ms,41.977087
latency,0,76,http1_keepalive_ms,41.975837
latency,0,77,http1_keepalive_ms,41.983028
latency,0,78,http1_keepalive_ms,41.991707
latency,0,79,http1_keepalive_ms,41.986447
trial,0,80,http1_process_cpu_us,15382
trial,0,80,http1_median_ms,41.978877
trial,0,80,http1_p95_ms,42.002977
trial,0,80,http1_requests_per_second,23.981
trial,0,80,http1_mib_per_second,0.843
sample,1,1,http1_active_connection_rss_delta_kib,0
latency,1,0,http1_keepalive_ms,42.001038
latency,1,1,http1_keepalive_ms,41.969767
latency,1,2,http1_keepalive_ms,41.986608
latency,1,3,http1_keepalive_ms,41.989837
latency,1,4,http1_keepalive_ms,40.988971
latency,1,5,http1_keepalive_ms,41.984237
latency,1,6,http1_keepalive_ms,41.991337
latency,1,7,http1_keepalive_ms,40.993491
latency,1,8,http1_keepalive_ms,41.978277
latency,1,9,http1_keepalive_ms,40.994181
latency,1,10,http1_keepalive_ms,40.977100
latency,1,11,http1_keepalive_ms,42.976044
latency,1,12,http1_keepalive_ms,41.000771
latency,1,13,http1_keepalive_ms,40.988251
latency,1,14,http1_keepalive_ms,40.988751
latency,1,15,http1_keepalive_ms,40.993450
latency,1,16,http1_keepalive_ms,40.982070
latency,1,17,http1_keepalive_ms,40.995181
latency,1,18,http1_keepalive_ms,40.981231
latency,1,19,http1_keepalive_ms,40.988871
latency,1,20,http1_keepalive_ms,40.994101
latency,1,21,http1_keepalive_ms,40.982311
latency,1,22,http1_keepalive_ms,40.986321
latency,1,23,http1_keepalive_ms,40.987341
latency,1,24,http1_keepalive_ms,40.990751
latency,1,25,http1_keepalive_ms,40.996501
latency,1,26,http1_keepalive_ms,40.979261
latency,1,27,http1_keepalive_ms,40.986771
latency,1,28,http1_keepalive_ms,40.999041
latency,1,29,http1_keepalive_ms,40.984471
latency,1,30,http1_keepalive_ms,41.988247
latency,1,31,http1_keepalive_ms,40.992521
latency,1,32,http1_keepalive_ms,41.977647
latency,1,33,http1_keepalive_ms,41.990998
latency,1,34,http1_keepalive_ms,41.988487
latency,1,35,http1_keepalive_ms,41.023082
latency,1,36,http1_keepalive_ms,40.958600
latency,1,37,http1_keepalive_ms,41.977947
latency,1,38,http1_keepalive_ms,41.989087
latency,1,39,http1_keepalive_ms,42.009957
latency,1,40,http1_keepalive_ms,40.974010
latency,1,41,http1_keepalive_ms,42.012858
latency,1,42,http1_keepalive_ms,41.948097
latency,1,43,http1_keepalive_ms,41.977416
latency,1,44,http1_keepalive_ms,40.984431
latency,1,45,http1_keepalive_ms,41.986587
latency,1,46,http1_keepalive_ms,41.986327
latency,1,47,http1_keepalive_ms,40.983581
latency,1,48,http1_keepalive_ms,41.984777
latency,1,49,http1_keepalive_ms,40.995061
latency,1,50,http1_keepalive_ms,40.987051
latency,1,51,http1_keepalive_ms,40.991761
latency,1,52,http1_keepalive_ms,40.979361
latency,1,53,http1_keepalive_ms,40.997041
latency,1,54,http1_keepalive_ms,40.998531
latency,1,55,http1_keepalive_ms,40.966491
latency,1,56,http1_keepalive_ms,41.987107
latency,1,57,http1_keepalive_ms,40.982581
latency,1,58,http1_keepalive_ms,40.995862
latency,1,59,http1_keepalive_ms,40.985041
latency,1,60,http1_keepalive_ms,41.995237
latency,1,61,http1_keepalive_ms,41.974087
latency,1,62,http1_keepalive_ms,40.989061
latency,1,63,http1_keepalive_ms,41.989228
latency,1,64,http1_keepalive_ms,41.986607
latency,1,65,http1_keepalive_ms,41.991268
latency,1,66,http1_keepalive_ms,41.994227
latency,1,67,http1_keepalive_ms,41.977927
latency,1,68,http1_keepalive_ms,41.990958
latency,1,69,http1_keepalive_ms,41.984257
latency,1,70,http1_keepalive_ms,41.979687
latency,1,71,http1_keepalive_ms,41.989917
latency,1,72,http1_keepalive_ms,41.989287
latency,1,73,http1_keepalive_ms,41.993267
latency,1,74,http1_keepalive_ms,41.982387
latency,1,75,http1_keepalive_ms,41.989977
latency,1,76,http1_keepalive_ms,41.987907
latency,1,77,http1_keepalive_ms,41.985957
latency,1,78,http1_keepalive_ms,42.001818
latency,1,79,http1_keepalive_ms,41.981767
trial,1,80,http1_process_cpu_us,16027
trial,1,80,http1_median_ms,41.948097
trial,1,80,http1_p95_ms,42.001038
trial,1,80,http1_requests_per_second,24.082
trial,1,80,http1_mib_per_second,0.847
sample,2,1,http1_active_connection_rss_delta_kib,4
latency,2,0,http1_keepalive_ms,41.998767
latency,2,1,http1_keepalive_ms,42.969244
latency,2,2,http1_keepalive_ms,41.994337
latency,2,3,http1_keepalive_ms,41.989267
latency,2,4,http1_keepalive_ms,41.990747
latency,2,5,http1_keepalive_ms,42.978743
latency,2,6,http1_keepalive_ms,41.003311
latency,2,7,http1_keepalive_ms,41.988977
latency,2,8,http1_keepalive_ms,41.989248
latency,2,9,http1_keepalive_ms,41.992187
latency,2,10,http1_keepalive_ms,41.986957
latency,2,11,http1_keepalive_ms,41.992917
latency,2,12,http1_keepalive_ms,43.976950
latency,2,13,http1_keepalive_ms,42.001697
latency,2,14,http1_keepalive_ms,41.988127
latency,2,15,http1_keepalive_ms,42.978743
latency,2,16,http1_keepalive_ms,42.000607
latency,2,17,http1_keepalive_ms,41.991797
latency,2,18,http1_keepalive_ms,41.989878
latency,2,19,http1_keepalive_ms,41.987127
latency,2,20,http1_keepalive_ms,42.977033
latency,2,21,http1_keepalive_ms,42.000687
latency,2,22,http1_keepalive_ms,41.988667
latency,2,23,http1_keepalive_ms,41.009291
latency,2,24,http1_keepalive_ms,40.980941
latency,2,25,http1_keepalive_ms,41.971167
latency,2,26,http1_keepalive_ms,40.996461
latency,2,27,http1_keepalive_ms,41.988548
latency,2,28,http1_keepalive_ms,42.977143
latency,2,29,http1_keepalive_ms,42.005528
latency,2,30,http1_keepalive_ms,40.985811
latency,2,31,http1_keepalive_ms,41.002181
latency,2,32,http1_keepalive_ms,41.969697
latency,2,33,http1_keepalive_ms,41.997148
latency,2,34,http1_keepalive_ms,41.987957
latency,2,35,http1_keepalive_ms,41.005551
latency,2,36,http1_keepalive_ms,40.984541
latency,2,37,http1_keepalive_ms,41.986808
latency,2,38,http1_keepalive_ms,41.986847
latency,2,39,http1_keepalive_ms,40.991661
latency,2,40,http1_keepalive_ms,42.008328
latency,2,41,http1_keepalive_ms,40.958471
latency,2,42,http1_keepalive_ms,41.020121
latency,2,43,http1_keepalive_ms,40.948360
latency,2,44,http1_keepalive_ms,40.988301
latency,2,45,http1_keepalive_ms,40.987061
latency,2,46,http1_keepalive_ms,40.986651
latency,2,47,http1_keepalive_ms,40.999381
latency,2,48,http1_keepalive_ms,40.977430
latency,2,49,http1_keepalive_ms,44.974806
latency,2,50,http1_keepalive_ms,42.025288
latency,2,51,http1_keepalive_ms,41.957847
latency,2,52,http1_keepalive_ms,41.988637
latency,2,53,http1_keepalive_ms,41.990598
latency,2,54,http1_keepalive_ms,41.989497
latency,2,55,http1_keepalive_ms,41.989577
latency,2,56,http1_keepalive_ms,42.982154
latency,2,57,http1_keepalive_ms,41.998277
latency,2,58,http1_keepalive_ms,41.992547
latency,2,59,http1_keepalive_ms,41.992797
latency,2,60,http1_keepalive_ms,41.983927
latency,2,61,http1_keepalive_ms,42.978743
latency,2,62,http1_keepalive_ms,42.000068
latency,2,63,http1_keepalive_ms,40.992041
latency,2,64,http1_keepalive_ms,40.997571
latency,2,65,http1_keepalive_ms,40.991571
latency,2,66,http1_keepalive_ms,40.985901
latency,2,67,http1_keepalive_ms,40.997621
latency,2,68,http1_keepalive_ms,40.984941
latency,2,69,http1_keepalive_ms,40.993481
latency,2,70,http1_keepalive_ms,41.979067
latency,2,71,http1_keepalive_ms,40.983220
latency,2,72,http1_keepalive_ms,40.985570
latency,2,73,http1_keepalive_ms,40.988551
latency,2,74,http1_keepalive_ms,40.991210
latency,2,75,http1_keepalive_ms,40.995771
latency,2,76,http1_keepalive_ms,41.979517
latency,2,77,http1_keepalive_ms,41.983087
latency,2,78,http1_keepalive_ms,40.993400
latency,2,79,http1_keepalive_ms,40.984331
trial,2,80,http1_process_cpu_us,14344
trial,2,80,http1_median_ms,41.986847
trial,2,80,http1_p95_ms,42.978743
trial,2,80,http1_requests_per_second,23.945
trial,2,80,http1_mib_per_second,0.842
sample,3,1,http1_active_connection_rss_delta_kib,0
latency,3,0,http1_keepalive_ms,42.002997
latency,3,1,http1_keepalive_ms,40.978831
latency,3,2,http1_keepalive_ms,41.984237
latency,3,3,http1_keepalive_ms,41.987948
latency,3,4,http1_keepalive_ms,41.992627
latency,3,5,http1_keepalive_ms,40.984901
latency,3,6,http1_keepalive_ms,41.978237
latency,3,7,http1_keepalive_ms,41.992568
latency,3,8,http1_keepalive_ms,43.975019
latency,3,9,http1_keepalive_ms,42.015117
latency,3,10,http1_keepalive_ms,41.002080
latency,3,11,http1_keepalive_ms,41.011601
latency,3,12,http1_keepalive_ms,42.936923
latency,3,13,http1_keepalive_ms,40.969770
latency,3,14,http1_keepalive_ms,41.973187
latency,3,15,http1_keepalive_ms,41.989327
latency,3,16,http1_keepalive_ms,41.974477
latency,3,17,http1_keepalive_ms,42.001867
latency,3,18,http1_keepalive_ms,40.989901
latency,3,19,http1_keepalive_ms,41.987257
latency,3,20,http1_keepalive_ms,41.996127
latency,3,21,http1_keepalive_ms,41.981067
latency,3,22,http1_keepalive_ms,41.990497
latency,3,23,http1_keepalive_ms,41.045672
latency,3,24,http1_keepalive_ms,40.935610
latency,3,25,http1_keepalive_ms,43.009943
latency,3,26,http1_keepalive_ms,40.991981
latency,3,27,http1_keepalive_ms,41.938096
latency,3,28,http1_keepalive_ms,41.017212
latency,3,29,http1_keepalive_ms,40.966371
latency,3,30,http1_keepalive_ms,40.980230
latency,3,31,http1_keepalive_ms,40.984220
latency,3,32,http1_keepalive_ms,41.983427
latency,3,33,http1_keepalive_ms,40.988181
latency,3,34,http1_keepalive_ms,40.987901
latency,3,35,http1_keepalive_ms,42.966393
latency,3,36,http1_keepalive_ms,42.003357
latency,3,37,http1_keepalive_ms,41.982257
latency,3,38,http1_keepalive_ms,42.984084
latency,3,39,http1_keepalive_ms,42.006777
latency,3,40,http1_keepalive_ms,41.976877
latency,3,41,http1_keepalive_ms,41.987637
latency,3,42,http1_keepalive_ms,41.993537
latency,3,43,http1_keepalive_ms,42.971324
latency,3,44,http1_keepalive_ms,41.998907
latency,3,45,http1_keepalive_ms,41.993487
latency,3,46,http1_keepalive_ms,41.985347
latency,3,47,http1_keepalive_ms,41.991387
latency,3,48,http1_keepalive_ms,41.978247
latency,3,49,http1_keepalive_ms,42.002187
latency,3,50,http1_keepalive_ms,41.987988
latency,3,51,http1_keepalive_ms,40.998321
latency,3,52,http1_keepalive_ms,40.996811
latency,3,53,http1_keepalive_ms,40.985011
latency,3,54,http1_keepalive_ms,41.987907
latency,3,55,http1_keepalive_ms,41.988147
latency,3,56,http1_keepalive_ms,41.982427
latency,3,57,http1_keepalive_ms,41.989927
latency,3,58,http1_keepalive_ms,41.986228
latency,3,59,http1_keepalive_ms,41.989247
latency,3,60,http1_keepalive_ms,41.979906
latency,3,61,http1_keepalive_ms,41.991507
latency,3,62,http1_keepalive_ms,41.985957
latency,3,63,http1_keepalive_ms,41.982948
latency,3,64,http1_keepalive_ms,41.997987
latency,3,65,http1_keepalive_ms,41.983377
latency,3,66,http1_keepalive_ms,41.983837
latency,3,67,http1_keepalive_ms,41.989047
latency,3,68,http1_keepalive_ms,41.001231
latency,3,69,http1_keepalive_ms,40.981650
latency,3,70,http1_keepalive_ms,40.990661
latency,3,71,http1_keepalive_ms,41.983387
latency,3,72,http1_keepalive_ms,41.984827
latency,3,73,http1_keepalive_ms,40.989161
latency,3,74,http1_keepalive_ms,40.986921
latency,3,75,http1_keepalive_ms,40.991621
latency,3,76,http1_keepalive_ms,40.990011
latency,3,77,http1_keepalive_ms,40.990041
latency,3,78,http1_keepalive_ms,40.990350
latency,3,79,http1_keepalive_ms,40.976061
trial,3,80,http1_process_cpu_us,16275
trial,3,80,http1_median_ms,41.983377
trial,3,80,http1_p95_ms,42.966393
trial,3,80,http1_requests_per_second,23.959
trial,3,80,http1_mib_per_second,0.842
sample,4,1,http1_active_connection_rss_delta_kib,0
latency,4,0,http1_keepalive_ms,40.997171
latency,4,1,http1_keepalive_ms,40.991691
latency,4,2,http1_keepalive_ms,41.971917
latency,4,3,http1_keepalive_ms,41.985058
latency,4,4,http1_keepalive_ms,41.987827
latency,4,5,http1_keepalive_ms,41.982887
latency,4,6,http1_keepalive_ms,41.988708
latency,4,7,http1_keepalive_ms,41.984967
latency,4,8,http1_keepalive_ms,41.987877
latency,4,9,http1_keepalive_ms,41.979767
latency,4,10,http1_keepalive_ms,41.996717
latency,4,11,http1_keepalive_ms,41.977928
latency,4,12,http1_keepalive_ms,41.987947
latency,4,13,http1_keepalive_ms,41.988927
latency,4,14,http1_keepalive_ms,41.990178
latency,4,15,http1_keepalive_ms,41.989037
latency,4,16,http1_keepalive_ms,41.977687
latency,4,17,http1_keepalive_ms,41.985948
latency,4,18,http1_keepalive_ms,41.989077
latency,4,19,http1_keepalive_ms,41.988277
latency,4,20,http1_keepalive_ms,41.985137
latency,4,21,http1_keepalive_ms,41.989087
latency,4,22,http1_keepalive_ms,41.984487
latency,4,23,http1_keepalive_ms,41.987498
latency,4,24,http1_keepalive_ms,40.987051
latency,4,25,http1_keepalive_ms,41.987187
latency,4,26,http1_keepalive_ms,41.988228
latency,4,27,http1_keepalive_ms,43.435791
latency,4,28,http1_keepalive_ms,40.580254
latency,4,29,http1_keepalive_ms,40.948780
latency,4,30,http1_keepalive_ms,40.986820
latency,4,31,http1_keepalive_ms,41.986158
latency,4,32,http1_keepalive_ms,40.988881
latency,4,33,http1_keepalive_ms,40.996861
latency,4,34,http1_keepalive_ms,41.975127
latency,4,35,http1_keepalive_ms,40.989591
latency,4,36,http1_keepalive_ms,41.998328
latency,4,37,http1_keepalive_ms,40.979891
latency,4,38,http1_keepalive_ms,42.013227
latency,4,39,http1_keepalive_ms,44.933735
latency,4,40,http1_keepalive_ms,40.994371
latency,4,41,http1_keepalive_ms,41.983717
latency,4,42,http1_keepalive_ms,42.000728
latency,4,43,http1_keepalive_ms,40.991131
latency,4,44,http1_keepalive_ms,40.970081
latency,4,45,http1_keepalive_ms,40.998141
latency,4,46,http1_keepalive_ms,40.987291
latency,4,47,http1_keepalive_ms,40.995161
latency,4,48,http1_keepalive_ms,40.988771
latency,4,49,http1_keepalive_ms,40.990511
latency,4,50,http1_keepalive_ms,40.989481
latency,4,51,http1_keepalive_ms,40.986591
latency,4,52,http1_keepalive_ms,40.985321
latency,4,53,http1_keepalive_ms,40.989611
latency,4,54,http1_keepalive_ms,40.989961
latency,4,55,http1_keepalive_ms,40.995031
latency,4,56,http1_keepalive_ms,41.978867
latency,4,57,http1_keepalive_ms,40.993881
latency,4,58,http1_keepalive_ms,40.994020
latency,4,59,http1_keepalive_ms,40.981331
latency,4,60,http1_keepalive_ms,40.991891
latency,4,61,http1_keepalive_ms,41.979357
latency,4,62,http1_keepalive_ms,40.998231
latency,4,63,http1_keepalive_ms,41.982147
latency,4,64,http1_keepalive_ms,41.987807
latency,4,65,http1_keepalive_ms,40.989670
latency,4,66,http1_keepalive_ms,40.984800
latency,4,67,http1_keepalive_ms,40.995011
latency,4,68,http1_keepalive_ms,41.981377
latency,4,69,http1_keepalive_ms,40.994221
latency,4,70,http1_keepalive_ms,40.990161
latency,4,71,http1_keepalive_ms,41.000121
latency,4,72,http1_keepalive_ms,40.974581
latency,4,73,http1_keepalive_ms,40.989521
latency,4,74,http1_keepalive_ms,40.984521
latency,4,75,http1_keepalive_ms,40.990721
latency,4,76,http1_keepalive_ms,40.986741
latency,4,77,http1_keepalive_ms,40.988430
latency,4,78,http1_keepalive_ms,40.988451
latency,4,79,http1_keepalive_ms,40.992271
trial,4,80,http1_process_cpu_us,16858
trial,4,80,http1_median_ms,40.997171
trial,4,80,http1_p95_ms,41.998328
trial,4,80,http1_requests_per_second,24.089
trial,4,80,http1_mib_per_second,0.847
summary,0,400,http1_request_latency_ms_median,41.978247
summary,0,400,http1_request_latency_ms_p95,42.936923
meta,5,80,process_cpu_us,130558
meta,5,80,process_rss_delta_kib,3436
meta,0,480,origin_requests_seen,480
meta,0,480,credentialed_origin_requests_seen,480
latency,0,0,tunnel_http1_keepalive_ms,41.005271
latency,0,1,tunnel_http1_keepalive_ms,40.980271
latency,0,2,tunnel_http1_keepalive_ms,40.996261
latency,0,3,tunnel_http1_keepalive_ms,40.964701
latency,0,4,tunnel_http1_keepalive_ms,40.991841
latency,0,5,tunnel_http1_keepalive_ms,40.987601
latency,0,6,tunnel_http1_keepalive_ms,40.995651
latency,0,7,tunnel_http1_keepalive_ms,40.983801
latency,0,8,tunnel_http1_keepalive_ms,40.991851
latency,0,9,tunnel_http1_keepalive_ms,40.979431
latency,0,10,tunnel_http1_keepalive_ms,41.998797
latency,0,11,tunnel_http1_keepalive_ms,40.998321
latency,0,12,tunnel_http1_keepalive_ms,41.979187
latency,0,13,tunnel_http1_keepalive_ms,41.972487
latency,0,14,tunnel_http1_keepalive_ms,41.999337
latency,0,15,tunnel_http1_keepalive_ms,41.997408
latency,0,16,tunnel_http1_keepalive_ms,40.985271
latency,0,17,tunnel_http1_keepalive_ms,41.977887
latency,0,18,tunnel_http1_keepalive_ms,40.999251
latency,0,19,tunnel_http1_keepalive_ms,40.991661
latency,0,20,tunnel_http1_keepalive_ms,41.004561
latency,0,21,tunnel_http1_keepalive_ms,40.973811
latency,0,22,tunnel_http1_keepalive_ms,40.987031
latency,0,23,tunnel_http1_keepalive_ms,40.991191
latency,0,24,tunnel_http1_keepalive_ms,40.989221
latency,0,25,tunnel_http1_keepalive_ms,40.990401
latency,0,26,tunnel_http1_keepalive_ms,40.981311
latency,0,27,tunnel_http1_keepalive_ms,40.987321
latency,0,28,tunnel_http1_keepalive_ms,40.990591
latency,0,29,tunnel_http1_keepalive_ms,40.992241
latency,0,30,tunnel_http1_keepalive_ms,40.976301
latency,0,31,tunnel_http1_keepalive_ms,41.000341
latency,0,32,tunnel_http1_keepalive_ms,40.987881
latency,0,33,tunnel_http1_keepalive_ms,40.982861
latency,0,34,tunnel_http1_keepalive_ms,40.998500
latency,0,35,tunnel_http1_keepalive_ms,40.994351
latency,0,36,tunnel_http1_keepalive_ms,41.013561
latency,0,37,tunnel_http1_keepalive_ms,40.957750
latency,0,38,tunnel_http1_keepalive_ms,40.984881
latency,0,39,tunnel_http1_keepalive_ms,40.985471
latency,0,40,tunnel_http1_keepalive_ms,41.033101
latency,0,41,tunnel_http1_keepalive_ms,41.943807
latency,0,42,tunnel_http1_keepalive_ms,40.972361
latency,0,43,tunnel_http1_keepalive_ms,41.995967
latency,0,44,tunnel_http1_keepalive_ms,41.984497
latency,0,45,tunnel_http1_keepalive_ms,42.010057
latency,0,46,tunnel_http1_keepalive_ms,41.991117
latency,0,47,tunnel_http1_keepalive_ms,41.984187
latency,0,48,tunnel_http1_keepalive_ms,41.954057
latency,0,49,tunnel_http1_keepalive_ms,41.003841
latency,0,50,tunnel_http1_keepalive_ms,40.989741
latency,0,51,tunnel_http1_keepalive_ms,41.990697
latency,0,52,tunnel_http1_keepalive_ms,40.987391
latency,0,53,tunnel_http1_keepalive_ms,40.991841
latency,0,54,tunnel_http1_keepalive_ms,40.997341
latency,0,55,tunnel_http1_keepalive_ms,40.968941
latency,0,56,tunnel_http1_keepalive_ms,40.997931
latency,0,57,tunnel_http1_keepalive_ms,41.991267
latency,0,58,tunnel_http1_keepalive_ms,41.005681
latency,0,59,tunnel_http1_keepalive_ms,41.968857
latency,0,60,tunnel_http1_keepalive_ms,41.006141
latency,0,61,tunnel_http1_keepalive_ms,40.983180
latency,0,62,tunnel_http1_keepalive_ms,40.976411
latency,0,63,tunnel_http1_keepalive_ms,40.993921
latency,0,64,tunnel_http1_keepalive_ms,40.989281
latency,0,65,tunnel_http1_keepalive_ms,41.995817
latency,0,66,tunnel_http1_keepalive_ms,40.984471
latency,0,67,tunnel_http1_keepalive_ms,40.988821
latency,0,68,tunnel_http1_keepalive_ms,40.986711
latency,0,69,tunnel_http1_keepalive_ms,41.990997
latency,0,70,tunnel_http1_keepalive_ms,40.993801
latency,0,71,tunnel_http1_keepalive_ms,40.991401
latency,0,72,tunnel_http1_keepalive_ms,40.980881
latency,0,73,tunnel_http1_keepalive_ms,40.994961
latency,0,74,tunnel_http1_keepalive_ms,41.986477
latency,0,75,tunnel_http1_keepalive_ms,40.992231
latency,0,76,tunnel_http1_keepalive_ms,40.990461
latency,0,77,tunnel_http1_keepalive_ms,40.986981
latency,0,78,tunnel_http1_keepalive_ms,40.992251
latency,0,79,tunnel_http1_keepalive_ms,40.976751
trial,0,80,tunnel_http1_requests_per_second,24.250
trial,0,80,tunnel_http1_mib_per_second,0.853
latency,1,0,tunnel_http1_keepalive_ms,42.003537
latency,1,1,tunnel_http1_keepalive_ms,41.972647
latency,1,2,tunnel_http1_keepalive_ms,40.992011
latency,1,3,tunnel_http1_keepalive_ms,43.002384
latency,1,4,tunnel_http1_keepalive_ms,40.981241
latency,1,5,tunnel_http1_keepalive_ms,40.942020
latency,1,6,tunnel_http1_keepalive_ms,40.988080
latency,1,7,tunnel_http1_keepalive_ms,41.985757
latency,1,8,tunnel_http1_keepalive_ms,40.993601
latency,1,9,tunnel_http1_keepalive_ms,41.985727
latency,1,10,tunnel_http1_keepalive_ms,40.986011
latency,1,11,tunnel_http1_keepalive_ms,41.990307
latency,1,12,tunnel_http1_keepalive_ms,41.986727
latency,1,13,tunnel_http1_keepalive_ms,41.985427
latency,1,14,tunnel_http1_keepalive_ms,42.017378
latency,1,15,tunnel_http1_keepalive_ms,41.953866
latency,1,16,tunnel_http1_keepalive_ms,40.977030
latency,1,17,tunnel_http1_keepalive_ms,41.007812
latency,1,18,tunnel_http1_keepalive_ms,41.989437
latency,1,19,tunnel_http1_keepalive_ms,41.955817
latency,1,20,tunnel_http1_keepalive_ms,41.983457
latency,1,21,tunnel_http1_keepalive_ms,42.981464
latency,1,22,tunnel_http1_keepalive_ms,42.000237
latency,1,23,tunnel_http1_keepalive_ms,41.989458
latency,1,24,tunnel_http1_keepalive_ms,41.994117
latency,1,25,tunnel_http1_keepalive_ms,41.989217
latency,1,26,tunnel_http1_keepalive_ms,40.999311
latency,1,27,tunnel_http1_keepalive_ms,42.971553
latency,1,28,tunnel_http1_keepalive_ms,41.998377
latency,1,29,tunnel_http1_keepalive_ms,41.993627
latency,1,30,tunnel_http1_keepalive_ms,40.988910
latency,1,31,tunnel_http1_keepalive_ms,41.998367
latency,1,32,tunnel_http1_keepalive_ms,40.998321
latency,1,33,tunnel_http1_keepalive_ms,40.977051
latency,1,34,tunnel_http1_keepalive_ms,41.002951
latency,1,35,tunnel_http1_keepalive_ms,40.987401
latency,1,36,tunnel_http1_keepalive_ms,41.998737
latency,1,37,tunnel_http1_keepalive_ms,40.984560
latency,1,38,tunnel_http1_keepalive_ms,40.986431
latency,1,39,tunnel_http1_keepalive_ms,40.985191
latency,1,40,tunnel_http1_keepalive_ms,42.005588
latency,1,41,tunnel_http1_keepalive_ms,41.011131
latency,1,42,tunnel_http1_keepalive_ms,40.938120
latency,1,43,tunnel_http1_keepalive_ms,40.992961
latency,1,44,tunnel_http1_keepalive_ms,40.966530
latency,1,45,tunnel_http1_keepalive_ms,40.996751
latency,1,46,tunnel_http1_keepalive_ms,40.981780
latency,1,47,tunnel_http1_keepalive_ms,40.986070
latency,1,48,tunnel_http1_keepalive_ms,40.984401
latency,1,49,tunnel_http1_keepalive_ms,40.994581
latency,1,50,tunnel_http1_keepalive_ms,40.987370
latency,1,51,tunnel_http1_keepalive_ms,40.990471
latency,1,52,tunnel_http1_keepalive_ms,40.985611
latency,1,53,tunnel_http1_keepalive_ms,41.997738
latency,1,54,tunnel_http1_keepalive_ms,40.992560
latency,1,55,tunnel_http1_keepalive_ms,40.983401
latency,1,56,tunnel_http1_keepalive_ms,41.983537
latency,1,57,tunnel_http1_keepalive_ms,40.988101
latency,1,58,tunnel_http1_keepalive_ms,40.984571
latency,1,59,tunnel_http1_keepalive_ms,40.987611
latency,1,60,tunnel_http1_keepalive_ms,40.977941
latency,1,61,tunnel_http1_keepalive_ms,42.021247
latency,1,62,tunnel_http1_keepalive_ms,40.979230
latency,1,63,tunnel_http1_keepalive_ms,40.980621
latency,1,64,tunnel_http1_keepalive_ms,40.983021
latency,1,65,tunnel_http1_keepalive_ms,40.990621
latency,1,66,tunnel_http1_keepalive_ms,40.992871
latency,1,67,tunnel_http1_keepalive_ms,41.975597
latency,1,68,tunnel_http1_keepalive_ms,41.000981
latency,1,69,tunnel_http1_keepalive_ms,40.987551
latency,1,70,tunnel_http1_keepalive_ms,40.974571
latency,1,71,tunnel_http1_keepalive_ms,40.995821
latency,1,72,tunnel_http1_keepalive_ms,40.989771
latency,1,73,tunnel_http1_keepalive_ms,40.991521
latency,1,74,tunnel_http1_keepalive_ms,40.981241
latency,1,75,tunnel_http1_keepalive_ms,40.988761
latency,1,76,tunnel_http1_keepalive_ms,40.988461
latency,1,77,tunnel_http1_keepalive_ms,40.988411
latency,1,78,tunnel_http1_keepalive_ms,40.987891
latency,1,79,tunnel_http1_keepalive_ms,40.996281
trial,1,80,tunnel_http1_requests_per_second,24.162
trial,1,80,tunnel_http1_mib_per_second,0.849
latency,2,0,tunnel_http1_keepalive_ms,42.002848
latency,2,1,tunnel_http1_keepalive_ms,40.974561
latency,2,2,tunnel_http1_keepalive_ms,40.985661
latency,2,3,tunnel_http1_keepalive_ms,40.990400
latency,2,4,tunnel_http1_keepalive_ms,40.987261
latency,2,5,tunnel_http1_keepalive_ms,40.981891
latency,2,6,tunnel_http1_keepalive_ms,40.998650
latency,2,7,tunnel_http1_keepalive_ms,40.986590
latency,2,8,tunnel_http1_keepalive_ms,40.981180
latency,2,9,tunnel_http1_keepalive_ms,40.997741
latency,2,10,tunnel_http1_keepalive_ms,40.990150
latency,2,11,tunnel_http1_keepalive_ms,41.005070
latency,2,12,tunnel_http1_keepalive_ms,40.964990
latency,2,13,tunnel_http1_keepalive_ms,40.995271
latency,2,14,tunnel_http1_keepalive_ms,40.986360
latency,2,15,tunnel_http1_keepalive_ms,40.985541
latency,2,16,tunnel_http1_keepalive_ms,40.988711
latency,2,17,tunnel_http1_keepalive_ms,40.979841
latency,2,18,tunnel_http1_keepalive_ms,40.995361
latency,2,19,tunnel_http1_keepalive_ms,40.988521
latency,2,20,tunnel_http1_keepalive_ms,42.967923
latency,2,21,tunnel_http1_keepalive_ms,42.002127
latency,2,22,tunnel_http1_keepalive_ms,41.992427
latency,2,23,tunnel_http1_keepalive_ms,40.994731
latency,2,24,tunnel_http1_keepalive_ms,40.990730
latency,2,25,tunnel_http1_keepalive_ms,41.995157
latency,2,26,tunnel_http1_keepalive_ms,40.983110
latency,2,27,tunnel_http1_keepalive_ms,40.987861
latency,2,28,tunnel_http1_keepalive_ms,40.990130
latency,2,29,tunnel_http1_keepalive_ms,40.978801
latency,2,30,tunnel_http1_keepalive_ms,41.033812
latency,2,31,tunnel_http1_keepalive_ms,40.957700
latency,2,32,tunnel_http1_keepalive_ms,40.994701
latency,2,33,tunnel_http1_keepalive_ms,41.991747
latency,2,34,tunnel_http1_keepalive_ms,40.988450
latency,2,35,tunnel_http1_keepalive_ms,40.987060
latency,2,36,tunnel_http1_keepalive_ms,40.991661
latency,2,37,tunnel_http1_keepalive_ms,40.986030
latency,2,38,tunnel_http1_keepalive_ms,40.990141
latency,2,39,tunnel_http1_keepalive_ms,40.995970
latency,2,40,tunnel_http1_keepalive_ms,40.991141
latency,2,41,tunnel_http1_keepalive_ms,40.991191
latency,2,42,tunnel_http1_keepalive_ms,40.984340
latency,2,43,tunnel_http1_keepalive_ms,41.038402
latency,2,44,tunnel_http1_keepalive_ms,40.942230
latency,2,45,tunnel_http1_keepalive_ms,41.972607
latency,2,46,tunnel_http1_keepalive_ms,41.995587
latency,2,47,tunnel_http1_keepalive_ms,40.976681
latency,2,48,tunnel_http1_keepalive_ms,40.983811
latency,2,49,tunnel_http1_keepalive_ms,40.979950
latency,2,50,tunnel_http1_keepalive_ms,40.997271
latency,2,51,tunnel_http1_keepalive_ms,40.996751
latency,2,52,tunnel_http1_keepalive_ms,40.981620
latency,2,53,tunnel_http1_keepalive_ms,40.996741
latency,2,54,tunnel_http1_keepalive_ms,41.983087
latency,2,55,tunnel_http1_keepalive_ms,40.986030
latency,2,56,tunnel_http1_keepalive_ms,40.987801
latency,2,57,tunnel_http1_keepalive_ms,40.997021
latency,2,58,tunnel_http1_keepalive_ms,40.985900
latency,2,59,tunnel_http1_keepalive_ms,40.977490
latency,2,60,tunnel_http1_keepalive_ms,40.996880
latency,2,61,tunnel_http1_keepalive_ms,41.988878
latency,2,62,tunnel_http1_keepalive_ms,40.996061
latency,2,63,tunnel_http1_keepalive_ms,41.976127
latency,2,64,tunnel_http1_keepalive_ms,40.993271
latency,2,65,tunnel_http1_keepalive_ms,40.985651
latency,2,66,tunnel_http1_keepalive_ms,40.984211
latency,2,67,tunnel_http1_keepalive_ms,41.002161
latency,2,68,tunnel_http1_keepalive_ms,40.980701
latency,2,69,tunnel_http1_keepalive_ms,41.005341
latency,2,70,tunnel_http1_keepalive_ms,41.969067
latency,2,71,tunnel_http1_keepalive_ms,41.985957
latency,2,72,tunnel_http1_keepalive_ms,40.987230
latency,2,73,tunnel_http1_keepalive_ms,40.984550
latency,2,74,tunnel_http1_keepalive_ms,40.999171
latency,2,75,tunnel_http1_keepalive_ms,40.983340
latency,2,76,tunnel_http1_keepalive_ms,41.003861
latency,2,77,tunnel_http1_keepalive_ms,40.970460
latency,2,78,tunnel_http1_keepalive_ms,40.993301
latency,2,79,tunnel_http1_keepalive_ms,41.995337
trial,2,80,tunnel_http1_requests_per_second,24.279
trial,2,80,tunnel_http1_mib_per_second,0.854
latency,3,0,tunnel_http1_keepalive_ms,44.986026
latency,3,1,tunnel_http1_keepalive_ms,40.992701
latency,3,2,tunnel_http1_keepalive_ms,40.987201
latency,3,3,tunnel_http1_keepalive_ms,40.988311
latency,3,4,tunnel_http1_keepalive_ms,40.995881
latency,3,5,tunnel_http1_keepalive_ms,40.977440
latency,3,6,tunnel_http1_keepalive_ms,40.996301
latency,3,7,tunnel_http1_keepalive_ms,40.985100
latency,3,8,tunnel_http1_keepalive_ms,40.986351
latency,3,9,tunnel_http1_keepalive_ms,40.990161
latency,3,10,tunnel_http1_keepalive_ms,41.989437
latency,3,11,tunnel_http1_keepalive_ms,41.992357
latency,3,12,tunnel_http1_keepalive_ms,43.006584
latency,3,13,tunnel_http1_keepalive_ms,40.962291
latency,3,14,tunnel_http1_keepalive_ms,40.992040
latency,3,15,tunnel_http1_keepalive_ms,40.992141
latency,3,16,tunnel_http1_keepalive_ms,40.999170
latency,3,17,tunnel_http1_keepalive_ms,40.979150
latency,3,18,tunnel_http1_keepalive_ms,41.989228
latency,3,19,tunnel_http1_keepalive_ms,40.971641
latency,3,20,tunnel_http1_keepalive_ms,41.008100
latency,3,21,tunnel_http1_keepalive_ms,40.983900
latency,3,22,tunnel_http1_keepalive_ms,42.002177
latency,3,23,tunnel_http1_keepalive_ms,40.968410
latency,3,24,tunnel_http1_keepalive_ms,40.987670
latency,3,25,tunnel_http1_keepalive_ms,41.002851
latency,3,26,tunnel_http1_keepalive_ms,40.974330
latency,3,27,tunnel_http1_keepalive_ms,40.989401
latency,3,28,tunnel_http1_keepalive_ms,40.992150
latency,3,29,tunnel_http1_keepalive_ms,40.987431
latency,3,30,tunnel_http1_keepalive_ms,41.006652
latency,3,31,tunnel_http1_keepalive_ms,40.978030
latency,3,32,tunnel_http1_keepalive_ms,40.976911
latency,3,33,tunnel_http1_keepalive_ms,41.004601
latency,3,34,tunnel_http1_keepalive_ms,40.988071
latency,3,35,tunnel_http1_keepalive_ms,41.007981
latency,3,36,tunnel_http1_keepalive_ms,40.964311
latency,3,37,tunnel_http1_keepalive_ms,41.000761
latency,3,38,tunnel_http1_keepalive_ms,40.980791
latency,3,39,tunnel_http1_keepalive_ms,41.987297
latency,3,40,tunnel_http1_keepalive_ms,40.994781
latency,3,41,tunnel_http1_keepalive_ms,40.988891
latency,3,42,tunnel_http1_keepalive_ms,40.975261
latency,3,43,tunnel_http1_keepalive_ms,40.999071
latency,3,44,tunnel_http1_keepalive_ms,40.990001
latency,3,45,tunnel_http1_keepalive_ms,41.028821
latency,3,46,tunnel_http1_keepalive_ms,40.960520
latency,3,47,tunnel_http1_keepalive_ms,40.961251
latency,3,48,tunnel_http1_keepalive_ms,41.039891
latency,3,49,tunnel_http1_keepalive_ms,40.937371
latency,3,50,tunnel_http1_keepalive_ms,40.984991
latency,3,51,tunnel_http1_keepalive_ms,40.991140
latency,3,52,tunnel_http1_keepalive_ms,41.976736
latency,3,53,tunnel_http1_keepalive_ms,41.001851
latency,3,54,tunnel_http1_keepalive_ms,40.987890
latency,3,55,tunnel_http1_keepalive_ms,41.988247
latency,3,56,tunnel_http1_keepalive_ms,40.986411
latency,3,57,tunnel_http1_keepalive_ms,41.989807
latency,3,58,tunnel_http1_keepalive_ms,42.000738
latency,3,59,tunnel_http1_keepalive_ms,41.995547
latency,3,60,tunnel_http1_keepalive_ms,40.969241
latency,3,61,tunnel_http1_keepalive_ms,40.991531
latency,3,62,tunnel_http1_keepalive_ms,40.987541
latency,3,63,tunnel_http1_keepalive_ms,40.990450
latency,3,64,tunnel_http1_keepalive_ms,40.992841
latency,3,65,tunnel_http1_keepalive_ms,40.982490
latency,3,66,tunnel_http1_keepalive_ms,40.986531
latency,3,67,tunnel_http1_keepalive_ms,40.992481
latency,3,68,tunnel_http1_keepalive_ms,41.990117
latency,3,69,tunnel_http1_keepalive_ms,41.994317
latency,3,70,tunnel_http1_keepalive_ms,40.985091
latency,3,71,tunnel_http1_keepalive_ms,40.990841
latency,3,72,tunnel_http1_keepalive_ms,40.987930
latency,3,73,tunnel_http1_keepalive_ms,40.978920
latency,3,74,tunnel_http1_keepalive_ms,41.004731
latency,3,75,tunnel_http1_keepalive_ms,40.985670
latency,3,76,tunnel_http1_keepalive_ms,41.006911
latency,3,77,tunnel_http1_keepalive_ms,40.964420
latency,3,78,tunnel_http1_keepalive_ms,41.994878
latency,3,79,tunnel_http1_keepalive_ms,40.987001
trial,3,80,tunnel_http1_requests_per_second,24.250
trial,3,80,tunnel_http1_mib_per_second,0.853
latency,4,0,tunnel_http1_keepalive_ms,40.965960
latency,4,1,tunnel_http1_keepalive_ms,40.957451
latency,4,2,tunnel_http1_keepalive_ms,40.993040
latency,4,3,tunnel_http1_keepalive_ms,40.992101
latency,4,4,tunnel_http1_keepalive_ms,41.002291
latency,4,5,tunnel_http1_keepalive_ms,40.977210
latency,4,6,tunnel_http1_keepalive_ms,40.984071
latency,4,7,tunnel_http1_keepalive_ms,40.987540
latency,4,8,tunnel_http1_keepalive_ms,40.986971
latency,4,9,tunnel_http1_keepalive_ms,40.990161
latency,4,10,tunnel_http1_keepalive_ms,40.999351
latency,4,11,tunnel_http1_keepalive_ms,40.979041
latency,4,12,tunnel_http1_keepalive_ms,41.001951
latency,4,13,tunnel_http1_keepalive_ms,40.987101
latency,4,14,tunnel_http1_keepalive_ms,40.978581
latency,4,15,tunnel_http1_keepalive_ms,42.002027
latency,4,16,tunnel_http1_keepalive_ms,41.967697
latency,4,17,tunnel_http1_keepalive_ms,41.003981
latency,4,18,tunnel_http1_keepalive_ms,40.986870
latency,4,19,tunnel_http1_keepalive_ms,41.004751
latency,4,20,tunnel_http1_keepalive_ms,40.978400
latency,4,21,tunnel_http1_keepalive_ms,41.997527
latency,4,22,tunnel_http1_keepalive_ms,40.981880
latency,4,23,tunnel_http1_keepalive_ms,40.987010
latency,4,24,tunnel_http1_keepalive_ms,40.987541
latency,4,25,tunnel_http1_keepalive_ms,40.989881
latency,4,26,tunnel_http1_keepalive_ms,40.989111
latency,4,27,tunnel_http1_keepalive_ms,40.988911
latency,4,28,tunnel_http1_keepalive_ms,40.988591
latency,4,29,tunnel_http1_keepalive_ms,41.003281
latency,4,30,tunnel_http1_keepalive_ms,40.980381
latency,4,31,tunnel_http1_keepalive_ms,40.981221
latency,4,32,tunnel_http1_keepalive_ms,40.999180
latency,4,33,tunnel_http1_keepalive_ms,40.989601
latency,4,34,tunnel_http1_keepalive_ms,40.991461
latency,4,35,tunnel_http1_keepalive_ms,40.990250
latency,4,36,tunnel_http1_keepalive_ms,41.001491
latency,4,37,tunnel_http1_keepalive_ms,40.999891
latency,4,38,tunnel_http1_keepalive_ms,40.969910
latency,4,39,tunnel_http1_keepalive_ms,40.980650
latency,4,40,tunnel_http1_keepalive_ms,41.004711
latency,4,41,tunnel_http1_keepalive_ms,40.977631
latency,4,42,tunnel_http1_keepalive_ms,40.990331
latency,4,43,tunnel_http1_keepalive_ms,40.991681
latency,4,44,tunnel_http1_keepalive_ms,40.981861
latency,4,45,tunnel_http1_keepalive_ms,40.996761
latency,4,46,tunnel_http1_keepalive_ms,41.990857
latency,4,47,tunnel_http1_keepalive_ms,41.008631
latency,4,48,tunnel_http1_keepalive_ms,41.003152
latency,4,49,tunnel_http1_keepalive_ms,40.938290
latency,4,50,tunnel_http1_keepalive_ms,40.988191
latency,4,51,tunnel_http1_keepalive_ms,41.980467
latency,4,52,tunnel_http1_keepalive_ms,40.998011
latency,4,53,tunnel_http1_keepalive_ms,40.989331
latency,4,54,tunnel_http1_keepalive_ms,40.991781
latency,4,55,tunnel_http1_keepalive_ms,41.988997
latency,4,56,tunnel_http1_keepalive_ms,40.989761
latency,4,57,tunnel_http1_keepalive_ms,40.986881
latency,4,58,tunnel_http1_keepalive_ms,40.999711
latency,4,59,tunnel_http1_keepalive_ms,40.977851
latency,4,60,tunnel_http1_keepalive_ms,41.993747
latency,4,61,tunnel_http1_keepalive_ms,41.999328
latency,4,62,tunnel_http1_keepalive_ms,41.977737
latency,4,63,tunnel_http1_keepalive_ms,40.992431
latency,4,64,tunnel_http1_keepalive_ms,40.982641
latency,4,65,tunnel_http1_keepalive_ms,42.016427
latency,4,66,tunnel_http1_keepalive_ms,40.960050
latency,4,67,tunnel_http1_keepalive_ms,40.987601
latency,4,68,tunnel_http1_keepalive_ms,40.995750
latency,4,69,tunnel_http1_keepalive_ms,40.989741
latency,4,70,tunnel_http1_keepalive_ms,40.985070
latency,4,71,tunnel_http1_keepalive_ms,40.986261
latency,4,72,tunnel_http1_keepalive_ms,40.995961
latency,4,73,tunnel_http1_keepalive_ms,40.984121
latency,4,74,tunnel_http1_keepalive_ms,40.997131
latency,4,75,tunnel_http1_keepalive_ms,40.990751
latency,4,76,tunnel_http1_keepalive_ms,40.986921
latency,4,77,tunnel_http1_keepalive_ms,40.988971
latency,4,78,tunnel_http1_keepalive_ms,40.990571
latency,4,79,tunnel_http1_keepalive_ms,40.991951
trial,4,80,tunnel_http1_requests_per_second,24.316
trial,4,80,tunnel_http1_mib_per_second,0.855
summary,0,400,tunnel_http1_request_latency_ms_median,40.991191
summary,0,400,tunnel_http1_request_latency_ms_p95,41.998797
latency,0,0,http2_keepalive_ms,0.110111
latency,0,1,http2_keepalive_ms,0.125632
latency,0,2,http2_keepalive_ms,0.120372
latency,0,3,http2_keepalive_ms,0.113432
latency,0,4,http2_keepalive_ms,0.112322
latency,0,5,http2_keepalive_ms,0.112642
latency,0,6,http2_keepalive_ms,0.112942
latency,0,7,http2_keepalive_ms,0.113082
latency,0,8,http2_keepalive_ms,0.116792
latency,0,9,http2_keepalive_ms,0.123922
latency,0,10,http2_keepalive_ms,0.115621
latency,0,11,http2_keepalive_ms,0.113092
latency,0,12,http2_keepalive_ms,0.113382
latency,0,13,http2_keepalive_ms,0.113252
latency,0,14,http2_keepalive_ms,0.111882
latency,0,15,http2_keepalive_ms,0.112632
latency,0,16,http2_keepalive_ms,0.113302
latency,0,17,http2_keepalive_ms,0.121332
latency,0,18,http2_keepalive_ms,0.115032
latency,0,19,http2_keepalive_ms,0.113262
latency,0,20,http2_keepalive_ms,0.114162
latency,0,21,http2_keepalive_ms,0.113792
latency,0,22,http2_keepalive_ms,0.113182
latency,0,23,http2_keepalive_ms,0.113251
latency,0,24,http2_keepalive_ms,0.115021
latency,0,25,http2_keepalive_ms,0.127592
latency,0,26,http2_keepalive_ms,0.114992
latency,0,27,http2_keepalive_ms,0.113342
latency,0,28,http2_keepalive_ms,0.113422
latency,0,29,http2_keepalive_ms,0.113502
latency,0,30,http2_keepalive_ms,0.113622
latency,0,31,http2_keepalive_ms,0.114191
latency,0,32,http2_keepalive_ms,0.113241
latency,0,33,http2_keepalive_ms,0.121682
latency,0,34,http2_keepalive_ms,0.114912
latency,0,35,http2_keepalive_ms,0.113942
latency,0,36,http2_keepalive_ms,0.113242
latency,0,37,http2_keepalive_ms,0.113862
latency,0,38,http2_keepalive_ms,0.113802
latency,0,39,http2_keepalive_ms,0.113242
latency,0,40,http2_keepalive_ms,0.122762
latency,0,41,http2_keepalive_ms,0.121312
latency,0,42,http2_keepalive_ms,0.118192
latency,0,43,http2_keepalive_ms,0.113362
latency,0,44,http2_keepalive_ms,0.113892
latency,0,45,http2_keepalive_ms,0.113402
latency,0,46,http2_keepalive_ms,0.113202
latency,0,47,http2_keepalive_ms,0.113092
latency,0,48,http2_keepalive_ms,0.123582
latency,0,49,http2_keepalive_ms,0.115621
latency,0,50,http2_keepalive_ms,0.113911
latency,0,51,http2_keepalive_ms,0.114632
latency,0,52,http2_keepalive_ms,0.114122
latency,0,53,http2_keepalive_ms,0.113822
latency,0,54,http2_keepalive_ms,0.114102
latency,0,55,http2_keepalive_ms,0.113892
latency,0,56,http2_keepalive_ms,0.132972
latency,0,57,http2_keepalive_ms,0.116402
latency,0,58,http2_keepalive_ms,0.113352
latency,0,59,http2_keepalive_ms,0.113471
latency,0,60,http2_keepalive_ms,0.114032
latency,0,61,http2_keepalive_ms,0.113482
latency,0,62,http2_keepalive_ms,0.113442
latency,0,63,http2_keepalive_ms,0.113282
latency,0,64,http2_keepalive_ms,0.124322
latency,0,65,http2_keepalive_ms,0.114342
latency,0,66,http2_keepalive_ms,0.118502
latency,0,67,http2_keepalive_ms,0.114362
latency,0,68,http2_keepalive_ms,0.113931
latency,0,69,http2_keepalive_ms,0.114611
latency,0,70,http2_keepalive_ms,0.113831
latency,0,71,http2_keepalive_ms,0.126172
latency,0,72,http2_keepalive_ms,0.117072
latency,0,73,http2_keepalive_ms,0.114862
latency,0,74,http2_keepalive_ms,0.113872
latency,0,75,http2_keepalive_ms,0.113932
latency,0,76,http2_keepalive_ms,0.113822
latency,0,77,http2_keepalive_ms,0.114162
latency,0,78,http2_keepalive_ms,0.113831
latency,0,79,http2_keepalive_ms,0.123092
trial,0,80,http2_median_ms,0.113892
trial,0,80,http2_p95_ms,0.124322
trial,0,80,http2_requests_per_second,7779.718
trial,0,80,http2_process_cpu_us,10301
latency,1,0,http2_keepalive_ms,0.118612
latency,1,1,http2_keepalive_ms,0.113311
latency,1,2,http2_keepalive_ms,0.113451
latency,1,3,http2_keepalive_ms,0.113101
latency,1,4,http2_keepalive_ms,0.113191
latency,1,5,http2_keepalive_ms,0.113281
latency,1,6,http2_keepalive_ms,0.112831
latency,1,7,http2_keepalive_ms,0.124122
latency,1,8,http2_keepalive_ms,0.114932
latency,1,9,http2_keepalive_ms,0.113722
latency,1,10,http2_keepalive_ms,0.112302
latency,1,11,http2_keepalive_ms,0.113372
latency,1,12,http2_keepalive_ms,0.113012
latency,1,13,http2_keepalive_ms,0.113632
latency,1,14,http2_keepalive_ms,0.112872
latency,1,15,http2_keepalive_ms,0.123492
latency,1,16,http2_keepalive_ms,0.114372
latency,1,17,http2_keepalive_ms,0.113212
latency,1,18,http2_keepalive_ms,0.114471
latency,1,19,http2_keepalive_ms,0.112892
latency,1,20,http2_keepalive_ms,0.113582
latency,1,21,http2_keepalive_ms,0.112972
latency,1,22,http2_keepalive_ms,0.113882
latency,1,23,http2_keepalive_ms,0.118072
latency,1,24,http2_keepalive_ms,0.114162
latency,1,25,http2_keepalive_ms,0.113352
latency,1,26,http2_keepalive_ms,0.114182
latency,1,27,http2_keepalive_ms,0.113882
latency,1,28,http2_keepalive_ms,0.113672
latency,1,29,http2_keepalive_ms,0.113392
latency,1,30,http2_keepalive_ms,0.120082
latency,1,31,http2_keepalive_ms,0.116812
latency,1,32,http2_keepalive_ms,0.114382
latency,1,33,http2_keepalive_ms,0.113912
latency,1,34,http2_keepalive_ms,0.113202
latency,1,35,http2_keepalive_ms,0.114162
latency,1,36,http2_keepalive_ms,0.113712
latency,1,37,http2_keepalive_ms,0.113952
latency,1,38,http2_keepalive_ms,0.123412
latency,1,39,http2_keepalive_ms,0.116801
latency,1,40,http2_keepalive_ms,0.115802
latency,1,41,http2_keepalive_ms,0.116842
latency,1,42,http2_keepalive_ms,0.113952
latency,1,43,http2_keepalive_ms,0.113952
latency,1,44,http2_keepalive_ms,0.113442
latency,1,45,http2_keepalive_ms,0.113572
latency,1,46,http2_keepalive_ms,0.123532
latency,1,47,http2_keepalive_ms,0.115432
latency,1,48,http2_keepalive_ms,0.113402
latency,1,49,http2_keepalive_ms,0.113862
latency,1,50,http2_keepalive_ms,0.114461
latency,1,51,http2_keepalive_ms,0.113612
latency,1,52,http2_keepalive_ms,0.113152
latency,1,53,http2_keepalive_ms,0.113142
latency,1,54,http2_keepalive_ms,0.122662
latency,1,55,http2_keepalive_ms,0.114942
latency,1,56,http2_keepalive_ms,0.113482
latency,1,57,http2_keepalive_ms,0.114012
latency,1,58,http2_keepalive_ms,0.113832
latency,1,59,http2_keepalive_ms,0.113412
latency,1,60,http2_keepalive_ms,0.113152
latency,1,61,http2_keepalive_ms,0.113852
latency,1,62,http2_keepalive_ms,0.123882
latency,1,63,http2_keepalive_ms,0.115162
latency,1,64,http2_keepalive_ms,0.117982
latency,1,65,http2_keepalive_ms,0.113182
latency,1,66,http2_keepalive_ms,0.113002
latency,1,67,http2_keepalive_ms,0.113352
latency,1,68,http2_keepalive_ms,0.113202
latency,1,69,http2_keepalive_ms,0.113532
latency,1,70,http2_keepalive_ms,0.117521
latency,1,71,http2_keepalive_ms,0.114261
latency,1,72,http2_keepalive_ms,0.113221
latency,1,73,http2_keepalive_ms,0.113382
latency,1,74,http2_keepalive_ms,0.112372
latency,1,75,http2_keepalive_ms,0.113142
latency,1,76,http2_keepalive_ms,0.113622
latency,1,77,http2_keepalive_ms,0.121502
latency,1,78,http2_keepalive_ms,0.115992
latency,1,79,http2_keepalive_ms,0.113322
trial,1,80,http2_median_ms,0.113712
trial,1,80,http2_p95_ms,0.123412
trial,1,80,http2_requests_per_second,7838.529
trial,1,80,http2_process_cpu_us,10224
latency,2,0,http2_keepalive_ms,0.115742
latency,2,1,http2_keepalive_ms,0.113322
latency,2,2,http2_keepalive_ms,0.113382
latency,2,3,http2_keepalive_ms,0.113422
latency,2,4,http2_keepalive_ms,0.112882
latency,2,5,http2_keepalive_ms,0.121222
latency,2,6,http2_keepalive_ms,0.115322
latency,2,7,http2_keepalive_ms,0.113522
latency,2,8,http2_keepalive_ms,0.113292
latency,2,9,http2_keepalive_ms,0.113752
latency,2,10,http2_keepalive_ms,0.113292
latency,2,11,http2_keepalive_ms,0.113432
latency,2,12,http2_keepalive_ms,0.113562
latency,2,13,http2_keepalive_ms,0.122702
latency,2,14,http2_keepalive_ms,0.114642
latency,2,15,http2_keepalive_ms,0.113922
latency,2,16,http2_keepalive_ms,0.113612
latency,2,17,http2_keepalive_ms,0.113432
latency,2,18,http2_keepalive_ms,0.113852
latency,2,19,http2_keepalive_ms,0.112992
latency,2,20,http2_keepalive_ms,0.113652
latency,2,21,http2_keepalive_ms,0.123602
latency,2,22,http2_keepalive_ms,0.115392
latency,2,23,http2_keepalive_ms,0.113762
latency,2,24,http2_keepalive_ms,0.113612
latency,2,25,http2_keepalive_ms,0.113461
latency,2,26,http2_keepalive_ms,0.113631
latency,2,27,http2_keepalive_ms,0.113792
latency,2,28,http2_keepalive_ms,0.113262
latency,2,29,http2_keepalive_ms,0.124232
latency,2,30,http2_keepalive_ms,0.114792
latency,2,31,http2_keepalive_ms,0.113372
latency,2,32,http2_keepalive_ms,0.113332
latency,2,33,http2_keepalive_ms,0.112862
latency,2,34,http2_keepalive_ms,0.113372
latency,2,35,http2_keepalive_ms,0.113512
latency,2,36,http2_keepalive_ms,0.121212
latency,2,37,http2_keepalive_ms,0.117762
latency,2,38,http2_keepalive_ms,0.113832
latency,2,39,http2_keepalive_ms,0.117302
latency,2,40,http2_keepalive_ms,0.113602
latency,2,41,http2_keepalive_ms,0.113732
latency,2,42,http2_keepalive_ms,0.113012
latency,2,43,http2_keepalive_ms,0.112862
latency,2,44,http2_keepalive_ms,0.120422
latency,2,45,http2_keepalive_ms,0.115842
latency,2,46,http2_keepalive_ms,0.113492
latency,2,47,http2_keepalive_ms,0.113432
latency,2,48,http2_keepalive_ms,0.113781
latency,2,49,http2_keepalive_ms,0.113631
latency,2,50,http2_keepalive_ms,0.112751
latency,2,51,http2_keepalive_ms,0.113881
latency,2,52,http2_keepalive_ms,0.121102
latency,2,53,http2_keepalive_ms,0.115142
latency,2,54,http2_keepalive_ms,0.113672
latency,2,55,http2_keepalive_ms,0.113602
latency,2,56,http2_keepalive_ms,0.113032
latency,2,57,http2_keepalive_ms,0.115922
latency,2,58,http2_keepalive_ms,0.113251
latency,2,59,http2_keepalive_ms,0.113722
latency,2,60,http2_keepalive_ms,0.123452
latency,2,61,http2_keepalive_ms,0.115362
latency,2,62,http2_keepalive_ms,0.113012
latency,2,63,http2_keepalive_ms,0.113192
latency,2,64,http2_keepalive_ms,0.112862
latency,2,65,http2_keepalive_ms,0.113382
latency,2,66,http2_keepalive_ms,0.113222
latency,2,67,http2_keepalive_ms,0.112792
latency,2,68,http2_keepalive_ms,0.127902
latency,2,69,http2_keepalive_ms,0.114772
latency,2,70,http2_keepalive_ms,0.113841
latency,2,71,http2_keepalive_ms,0.112412
latency,2,72,http2_keepalive_ms,0.113452
latency,2,73,http2_keepalive_ms,0.114002
latency,2,74,http2_keepalive_ms,0.113182
latency,2,75,http2_keepalive_ms,0.113002
latency,2,76,http2_keepalive_ms,0.123562
latency,2,77,http2_keepalive_ms,0.114372
latency,2,78,http2_keepalive_ms,0.113732
latency,2,79,http2_keepalive_ms,0.113442
trial,2,80,http2_median_ms,0.113612
trial,2,80,http2_p95_ms,0.123452
trial,2,80,http2_requests_per_second,7848.881
trial,2,80,http2_process_cpu_us,10209
latency,3,0,http2_keepalive_ms,0.115712
latency,3,1,http2_keepalive_ms,0.113472
latency,3,2,http2_keepalive_ms,0.113752
latency,3,3,http2_keepalive_ms,0.131402
latency,3,4,http2_keepalive_ms,0.115982
latency,3,5,http2_keepalive_ms,0.113452
latency,3,6,http2_keepalive_ms,0.121292
latency,3,7,http2_keepalive_ms,0.113171
latency,3,8,http2_keepalive_ms,0.113351
latency,3,9,http2_keepalive_ms,0.112781
latency,3,10,http2_keepalive_ms,0.113561
latency,3,11,http2_keepalive_ms,0.123322
latency,3,12,http2_keepalive_ms,0.115722
latency,3,13,http2_keepalive_ms,0.113132
latency,3,14,http2_keepalive_ms,0.113522
latency,3,15,http2_keepalive_ms,0.113652
latency,3,16,http2_keepalive_ms,0.113382
latency,3,17,http2_keepalive_ms,0.113152
latency,3,18,http2_keepalive_ms,0.113082
latency,3,19,http2_keepalive_ms,0.122792
latency,3,20,http2_keepalive_ms,0.114692
latency,3,21,http2_keepalive_ms,0.112852
latency,3,22,http2_keepalive_ms,0.113502
latency,3,23,http2_keepalive_ms,0.113172
latency,3,24,http2_keepalive_ms,0.113122
latency,3,25,http2_keepalive_ms,0.113952
latency,3,26,http2_keepalive_ms,0.113482
latency,3,27,http2_keepalive_ms,0.122702
latency,3,28,http2_keepalive_ms,0.114692
latency,3,29,http2_keepalive_ms,0.113032
latency,3,30,http2_keepalive_ms,0.114272
latency,3,31,http2_keepalive_ms,0.113171
latency,3,32,http2_keepalive_ms,0.113931
latency,3,33,http2_keepalive_ms,0.113302
latency,3,34,http2_keepalive_ms,0.113252
latency,3,35,http2_keepalive_ms,0.124452
latency,3,36,http2_keepalive_ms,0.114122
latency,3,37,http2_keepalive_ms,0.113672
latency,3,38,http2_keepalive_ms,0.113902
latency,3,39,http2_keepalive_ms,0.113082
latency,3,40,http2_keepalive_ms,0.112742
latency,3,41,http2_keepalive_ms,0.113602
latency,3,42,http2_keepalive_ms,0.121112
latency,3,43,http2_keepalive_ms,0.117932
latency,3,44,http2_keepalive_ms,0.113301
latency,3,45,http2_keepalive_ms,0.112942
latency,3,46,http2_keepalive_ms,0.112582
latency,3,47,http2_keepalive_ms,0.113292
latency,3,48,http2_keepalive_ms,0.113492
latency,3,49,http2_keepalive_ms,0.113042
latency,3,50,http2_keepalive_ms,0.122702
latency,3,51,http2_keepalive_ms,0.116252
latency,3,52,http2_keepalive_ms,0.113252
latency,3,53,http2_keepalive_ms,0.113132
latency,3,54,http2_keepalive_ms,0.112552
latency,3,55,http2_keepalive_ms,0.113302
latency,3,56,http2_keepalive_ms,0.113281
latency,3,57,http2_keepalive_ms,0.113791
latency,3,58,http2_keepalive_ms,0.122922
latency,3,59,http2_keepalive_ms,0.116002
latency,3,60,http2_keepalive_ms,0.113142
latency,3,61,http2_keepalive_ms,0.114062
latency,3,62,http2_keepalive_ms,0.113882
latency,3,63,http2_keepalive_ms,0.113402
latency,3,64,http2_keepalive_ms,0.112952
latency,3,65,http2_keepalive_ms,0.113072
latency,3,66,http2_keepalive_ms,0.123062
latency,3,67,http2_keepalive_ms,0.115562
latency,3,68,http2_keepalive_ms,0.112692
latency,3,69,http2_keepalive_ms,0.113792
latency,3,70,http2_keepalive_ms,0.118132
latency,3,71,http2_keepalive_ms,0.113242
latency,3,72,http2_keepalive_ms,0.113352
latency,3,73,http2_keepalive_ms,0.115012
latency,3,74,http2_keepalive_ms,0.130572
latency,3,75,http2_keepalive_ms,0.115022
latency,3,76,http2_keepalive_ms,0.112831
latency,3,77,http2_keepalive_ms,0.112841
latency,3,78,http2_keepalive_ms,0.112832
latency,3,79,http2_keepalive_ms,0.112732
trial,3,80,http2_median_ms,0.113482
trial,3,80,http2_p95_ms,0.123062
trial,3,80,http2_requests_per_second,7839.796
trial,3,80,http2_process_cpu_us,10222
latency,4,0,http2_keepalive_ms,0.115342
latency,4,1,http2_keepalive_ms,0.118842
latency,4,2,http2_keepalive_ms,0.117181
latency,4,3,http2_keepalive_ms,0.113691
latency,4,4,http2_keepalive_ms,0.113912
latency,4,5,http2_keepalive_ms,0.113492
latency,4,6,http2_keepalive_ms,0.112682
latency,4,7,http2_keepalive_ms,0.113312
latency,4,8,http2_keepalive_ms,0.113362
latency,4,9,http2_keepalive_ms,0.130502
latency,4,10,http2_keepalive_ms,0.118612
latency,4,11,http2_keepalive_ms,0.113582
latency,4,12,http2_keepalive_ms,0.113132
latency,4,13,http2_keepalive_ms,0.113002
latency,4,14,http2_keepalive_ms,0.112852
latency,4,15,http2_keepalive_ms,0.113212
latency,4,16,http2_keepalive_ms,0.119412
latency,4,17,http2_keepalive_ms,0.125792
latency,4,18,http2_keepalive_ms,0.115262
latency,4,19,http2_keepalive_ms,0.112652
latency,4,20,http2_keepalive_ms,0.119572
latency,4,21,http2_keepalive_ms,0.112892
latency,4,22,http2_keepalive_ms,0.113302
latency,4,23,http2_keepalive_ms,0.112982
latency,4,24,http2_keepalive_ms,0.113522
latency,4,25,http2_keepalive_ms,0.123403
latency,4,26,http2_keepalive_ms,0.114242
latency,4,27,http2_keepalive_ms,0.113192
latency,4,28,http2_keepalive_ms,0.112772
latency,4,29,http2_keepalive_ms,0.113172
latency,4,30,http2_keepalive_ms,0.112992
latency,4,31,http2_keepalive_ms,0.113962
latency,4,32,http2_keepalive_ms,0.113402
latency,4,33,http2_keepalive_ms,0.121812
latency,4,34,http2_keepalive_ms,0.114672
latency,4,35,http2_keepalive_ms,0.113292
latency,4,36,http2_keepalive_ms,0.113362
latency,4,37,http2_keepalive_ms,0.112372
latency,4,38,http2_keepalive_ms,0.112842
latency,4,39,http2_keepalive_ms,0.113341
latency,4,40,http2_keepalive_ms,0.113152
latency,4,41,http2_keepalive_ms,0.122152
latency,4,42,http2_keepalive_ms,0.114052
latency,4,43,http2_keepalive_ms,0.113092
latency,4,44,http2_keepalive_ms,0.112882
latency,4,45,http2_keepalive_ms,0.112962
latency,4,46,http2_keepalive_ms,0.113532
latency,4,47,http2_keepalive_ms,0.113082
latency,4,48,http2_keepalive_ms,0.113842
latency,4,49,http2_keepalive_ms,0.117982
latency,4,50,http2_keepalive_ms,0.113902
latency,4,51,http2_keepalive_ms,0.113531
latency,4,52,http2_keepalive_ms,0.112811
latency,4,53,http2_keepalive_ms,0.113532
latency,4,54,http2_keepalive_ms,0.113522
latency,4,55,http2_keepalive_ms,0.112802
latency,4,56,http2_keepalive_ms,0.120592
latency,4,57,http2_keepalive_ms,0.117102
latency,4,58,http2_keepalive_ms,0.114002
latency,4,59,http2_keepalive_ms,0.113052
latency,4,60,http2_keepalive_ms,0.113092
latency,4,61,http2_keepalive_ms,0.113532
latency,4,62,http2_keepalive_ms,0.113292
latency,4,63,http2_keepalive_ms,0.113242
latency,4,64,http2_keepalive_ms,0.122962
latency,4,65,http2_keepalive_ms,0.116592
latency,4,66,http2_keepalive_ms,0.113752
latency,4,67,http2_keepalive_ms,0.113812
latency,4,68,http2_keepalive_ms,0.113412
latency,4,69,http2_keepalive_ms,0.113312
latency,4,70,http2_keepalive_ms,0.113242
latency,4,71,http2_keepalive_ms,0.113222
latency,4,72,http2_keepalive_ms,0.120912
latency,4,73,http2_keepalive_ms,0.115242
latency,4,74,http2_keepalive_ms,0.113871
latency,4,75,http2_keepalive_ms,0.113011
latency,4,76,http2_keepalive_ms,0.113451
latency,4,77,http2_keepalive_ms,0.114091
latency,4,78,http2_keepalive_ms,0.112651
latency,4,79,http2_keepalive_ms,0.113002
trial,4,80,http2_median_ms,0.113451
trial,4,80,http2_p95_ms,0.122152
trial,4,80,http2_requests_per_second,7857.167
trial,4,80,http2_process_cpu_us,10200
meta,5,400,http2_process_cpu_us,53465
meta,5,400,http2_process_rss_delta_kib,108
summary,0,400,http2_request_latency_ms_median,0.113622
summary,0,400,http2_request_latency_ms_p95,0.123452
meta,0,416,http2_origin_requests_seen,416
meta,0,416,http2_credentialed_origin_requests_seen,416
